D A T E,KODEX 200,TIGER KOSDAQ150,TIGER S&P500,TIGER SYNTH-EURO STOXX 50(H),ACE Japan Nikkei225(H),TIGER CHINA A300,KOSEF 10YKTB,KBSTAR Credit,TIGER SYNTH-HY(H),KODEX Gold Futures(H),TIGER WTI Futures,KODEX INVERSE,KODEX USD Futures,KODEX USD Futures Inverse,KOSEF Enhanced Cash
2020/09/18,0.1312,0.2039,0.0827,0.0165,0.048,0.2115,-0.0056,0.004,0.021,0.1102,0.0686,-0.1279,-0.0389,0.0382,0.0012
2020/09/21,0.1177,0.1674,0.0612,0.0023,0.0395,0.1755,-0.0052,0.0037,0.0229,0.107,0.0282,-0.1176,-0.0412,0.0435,0.0011
2020/09/22,0.0994,0.1043,0.064,-0.0156,0.0397,0.162,-0.0024,0.0054,0.0207,0.0634,-0.0026,-0.0992,-0.041,0.041,0.0012
2020/09/23,0.1006,0.1069,0.061,-0.0169,0.0305,0.1659,0.0006,0.0046,0.0159,0.046,-0.0301,-0.1033,-0.037,0.0377,0.0012
2020/09/24,0.0578,0.0474,0.0343,-0.0385,0.0264,0.1423,-0.0011,0.0051,0.0159,0.0232,-0.0251,-0.0663,-0.0222,0.0208,0.0012
2020/09/25,0.09,0.0594,0.0704,-0.0125,0.0424,0.1514,-0.002,0.0046,0.0177,0.0369,0.0504,-0.0952,-0.0254,0.0239,0.0011
2020/09/28,0.0907,0.0967,0.0827,-0.0124,0.0447,0.1537,-0.0021,0.0055,0.0226,0.0351,0.0129,-0.0966,-0.0222,0.0197,0.0012
2020/09/29,0.119,0.1397,0.1146,0.0131,0.0769,0.1738,0,0.0066,0.0289,0.0375,0.0451,-0.1182,-0.0236,0.0233,0.0013
2020/10/05,0.0979,0.1267,0.0713,-0.0292,0.0425,0.0847,-0.0024,0.0049,0.0274,0.0443,-0.0477,-0.1012,-0.0283,0.0296,0.001
2020/10/06,0.0837,0.1157,0.074,-0.0416,0.0374,0.018,-0.0038,0.0055,0.0239,0.0544,-0.025,-0.0886,-0.0279,0.0269,0.0008
2020/10/07,0.1075,0.1204,0.0674,-0.0369,0.0402,-0.013,-0.0066,0.0047,0.0363,0.0366,-0.0076,-0.1091,-0.0298,0.03,0.0009
2020/10/08,0.1111,0.1099,0.096,-0.0242,0.0529,-0.0014,-0.0084,0.0047,0.0327,0.0288,-0.015,-0.113,-0.0332,0.0326,0.0011
2020/10/12,0.1214,0.1057,0.1187,0.0041,0.0601,0.0023,-0.0078,0.0039,0.04,0.0542,0.0129,-0.1197,-0.0465,0.0469,0.0009
2020/10/13,0.1012,0.0875,0.1038,-0.0125,0.041,-0.0076,-0.0052,0.0055,0.0404,0.0425,-0.0151,-0.1028,-0.0434,0.0431,0.0009
2020/10/14,0.0921,0.0756,0.1114,-0.0072,0.0465,0.0027,-0.0032,0.0057,0.0395,0.0348,-0.0077,-0.0943,-0.0484,0.049,0.0011
2020/10/15,0.0732,0.0498,0.0799,-0.0327,0.03,-0.0041,0,0.0058,0.0418,0.0339,-0.015,-0.0791,-0.0467,0.0483,0.0012
2020/10/16,0.0787,0.0502,0.0846,-0.0404,0.0307,0.0408,-0.0032,0.0048,0.0305,0.0363,-0.0322,-0.084,-0.0474,0.0485,0.0011
2020/10/19,0.0729,0.0252,0.0872,-0.031,0.0453,0.0388,-0.0029,0.0045,0.0264,0.0472,-0.0272,-0.078,-0.0516,0.0538,0.0011
2020/10/20,0.0831,0.0326,0.0738,-0.0437,0.0451,0.0139,-0.0056,0.0042,0.0237,0.0367,-0.0175,-0.088,-0.0513,0.0536,0.0011
2020/10/21,0.0709,0.0293,0.0587,-0.0503,0.0415,0.0148,-0.0091,0.004,0.0188,0.0405,-0.0247,-0.0764,-0.0539,0.0565,0.001
2020/10/22,0.0676,-0.0052,0.0505,-0.0686,0.0404,0.0028,-0.0087,0.0038,0.0193,0.0146,-0.0608,-0.0736,-0.0498,0.0522,0.0011
2020/10/23,0.0779,-0.0264,0.0506,-0.0702,0.0401,0.0042,-0.0101,0.0042,0.0162,0,-0.0628,-0.0824,-0.0506,0.0544,0.0011
2020/10/26,0.0818,-0.0506,0.0644,-0.0511,0.0382,0.0269,-0.0101,0.0044,0.0126,-0.0102,-0.0691,-0.0861,-0.0613,0.0634,0.001
2020/10/27,0.0623,-0.0474,0.0595,-0.0587,0.039,0.0383,-0.0115,0.0049,0.0148,-0.0248,-0.0714,-0.0683,-0.0573,0.061,0.001
2020/10/28,0.046,-0.0327,0.041,-0.0798,0.0286,0.0295,-0.0104,0.0044,0.0109,-0.0277,-0.0782,-0.0549,-0.054,0.0559,0.0009
2020/10/29,0.0299,-0.014,0.0294,-0.0922,0.0456,0.0221,-0.0136,0.0045,0.0083,-0.0467,-0.0911,-0.0386,-0.0494,0.0506,0.0009
2020/10/30,0.0006,-0.0489,-0.0029,-0.1079,0.0338,-0.0005,-0.0172,0.0037,0.0052,-0.0561,-0.1305,-0.0114,-0.0498,0.0506,0.0008
2020/11/02,0.024,-0.0333,0.0038,-0.0858,0.0676,0.0135,-0.0215,0.0023,0.0096,-0.0564,-0.1253,-0.034,-0.0466,0.0479,0.0009
2020/11/03,0.0444,-0.0322,0.0172,-0.0486,0.0446,0,-0.0201,0.0026,0.0039,-0.053,-0.0709,-0.054,-0.0489,0.048,0.0009
2020/11/04,0.0385,-0.0221,0.0282,-0.0518,0.0492,-0.0045,-0.0175,0.0026,0.0013,-0.0473,-0.0547,-0.0485,-0.0465,0.0475,0.001
2020/11/05,0.0499,-0.0275,0.0457,-0.0348,0.0642,0.0311,-0.0158,0.0029,0.0103,-0.0674,-0.0758,-0.0588,-0.0495,0.051,0.0009
2020/11/06,0.0361,-0.0555,0.0469,-0.0267,0.0802,0.0184,-0.0168,0.0026,0.0086,-0.0628,-0.1034,-0.048,-0.0526,0.0522,0.0009
2020/11/09,0.0447,-0.0503,0.0653,0.0009,0.1171,0.0594,-0.0168,0.0029,0.0082,-0.0563,-0.0801,-0.0537,-0.0592,0.0615,0.0009
2020/11/10,0.0293,-0.072,0.0499,0.0327,0.1136,0.0356,-0.0188,0.0034,0.0228,-0.0826,-0.061,-0.0397,-0.0578,0.0616,0.0011
2020/11/11,0.0328,-0.0628,0.0558,0.0374,0.1164,0.0207,-0.0218,0.0029,0.0245,-0.0651,-0.034,-0.043,-0.063,0.0657,0.0011
2020/11/12,0.0222,-0.0448,0.0592,0.0372,0.1215,0.0435,-0.0195,0.0029,0.0219,-0.0254,-0.0414,-0.0348,-0.0573,0.0616,0.0009
2020/11/13,0.0334,-0.0614,0.0506,0.0199,0.0941,0.0203,-0.0182,0.0019,0.0194,-0.0358,-0.0556,-0.0451,-0.0569,0.0589,0.001
2020/11/16,0.0667,-0.0211,0.0698,0.0334,0.1182,0.0324,-0.0158,0.0029,0.0242,-0.0389,-0.0556,-0.0753,-0.0626,0.0672,0.0011
2020/11/17,0.0664,-0.0328,0.0671,0.0388,0.1277,0.0253,-0.0156,0.0033,0.0229,-0.0403,-0.0435,-0.0744,-0.0659,0.0677,0.0012
2020/11/18,0.0878,0.0148,0.0608,0.0492,0.1096,0.0138,-0.0165,0.0034,0.0294,-0.0696,-0.053,-0.0929,-0.0664,0.0708,0.0011
2020/11/19,0.0854,0.0073,0.0514,0.0385,0.1057,0.0239,-0.0178,0.0033,0.0307,-0.0725,-0.0552,-0.0897,-0.0537,0.0567,0.0011
2020/11/20,0.1301,0.0558,0.0607,0.0484,0.1176,0.0491,-0.0152,0.0027,0.0325,-0.0489,-0.0506,-0.1258,-0.06,0.0633,0.0011
2020/11/23,0.1388,0.0531,0.0522,0.0579,0.1237,0.0479,-0.0108,0.0049,0.0281,-0.042,-0.0409,-0.1324,-0.062,0.0679,0.0011
2020/11/24,0.1325,0.013,0.0578,0.0584,0.1377,0.0274,-0.0143,0.003,0.0311,-0.0631,-0.0289,-0.1275,-0.0642,0.0674,0.0011
2020/11/25,0.1113,-0.009,0.055,0.0531,0.1339,0.0114,-0.0159,0.0033,0.0337,-0.0722,-0.0096,-0.1082,-0.0635,0.0683,0.0009
2020/11/26,0.1221,0.0075,0.0561,0.0574,0.1388,0.0193,-0.0166,0.0037,0.0293,-0.0632,-0.0048,-0.1182,-0.0682,0.0746,0.001
2020/11/27,0.1348,0.0267,0.0446,0.0442,0.1452,0.0257,-0.0142,0.0043,0.0267,-0.0744,-0.0214,-0.129,-0.0669,0.0719,0.001
2020/11/30,0.1117,0.0172,0.0288,0.0616,0.1584,0.004,-0.0096,0.0055,0.025,-0.0941,-0.0191,-0.1096,-0.0631,0.0698,0.001
2020/12/01,0.139,0.0155,0.0424,0.0635,0.1585,0.0223,-0.0014,0.0078,0.0183,-0.1076,-0.0167,-0.1313,-0.0636,0.0666,0.001
2020/12/02,0.1529,0.0069,0.0315,0.062,0.1541,0.0173,-0.0075,0.0064,0.0248,-0.0839,-0.0402,-0.1421,-0.0706,0.0761,0.001
2020/12/03,0.1438,0.0169,0.0254,0.0546,0.1469,0.0036,-0.009,0.0065,0.0222,-0.0572,-0.0024,-0.1351,-0.0762,0.0859,0.001
2020/12/04,0.1807,0.0556,0.0648,0.0559,0.1598,0.0181,-0.0072,0.0073,0.0209,-0.056,0.0146,-0.1615,-0.088,0.1006,0.0011
2020/12/07,0.1818,0.0767,0.0854,0.078,0.1519,0.0232,-0.0033,0.0086,0.0239,-0.0532,0.0451,-0.1622,-0.0885,0.0958,0.0013
2020/12/08,0.1483,0.0323,0.0681,0.0579,0.1384,0.0219,-0.0024,0.0083,0.027,-0.0404,0.0352,-0.1374,-0.0844,0.0916,0.0011
2020/12/09,0.1894,0.0581,0.1137,0.0805,0.1712,0.0396,-0.0075,0.0075,0.0424,-0.0408,0.0871,-0.1662,-0.0866,0.0947,0.0012
2020/12/10,0.1688,0.0596,0.077,0.0605,0.1536,0.0299,-0.0071,0.0075,0.0361,-0.062,0.0643,-0.1512,-0.0807,0.0889,0.0013
2020/12/11,0.1797,0.0679,0.0879,0.0564,0.1462,0.0139,-0.0064,0.0079,0.0271,-0.0632,0.1068,-0.1611,-0.0806,0.0853,0.0013
2020/12/14,0.1595,0.0642,0.0883,0.0522,0.1452,0.0231,-0.008,0.0074,0.0304,-0.0646,0.1094,-0.1447,-0.0769,0.0842,0.0013
2020/12/15,0.1505,0.0522,0.0749,0.0557,0.1399,0.0119,-0.0091,0.0073,0.0305,-0.0727,0.1042,-0.1391,-0.0725,0.0782,0.0012
2020/12/16,0.1586,0.0636,0.0831,0.0678,0.1506,0.0315,-0.012,0.0067,0.0318,-0.059,0.0859,-0.1453,-0.0688,0.0728,0.0013
2020/12/17,0.1748,0.0836,0.117,0.0723,0.1503,0.0489,-0.0146,0.0068,0.0278,-0.0435,0.117,-0.1571,-0.0679,0.0728,0.0014
2020/12/18,0.1694,0.0749,0.1038,0.0786,0.1458,0.0264,-0.0125,0.0068,0.0348,-0.0426,0.079,-0.1522,-0.0512,0.0564,0.0015
2020/12/21,0.1808,0.1207,0.1229,0.07,0.1453,0.0507,-0.01,0.0075,0.0383,-0.03,0.0823,-0.16,-0.0469,0.0482,0.0014
2020/12/22,0.1893,0.1278,0.124,0.0777,0.1348,0.0457,-0.0106,0.0073,0.0393,-0.0198,0.0874,-0.167,-0.0481,0.0489,0.0015
2020/12/23,0.2017,0.1132,0.112,0.0995,0.1478,0.056,-0.0126,0.0077,0.0421,-0.0108,0.0827,-0.1751,-0.0476,0.0494,0.0015
2020/12/24,0.2547,0.1847,0.1462,0.1209,0.154,0.0692,-0.0157,0.0063,0.0483,0.0066,0.1234,-0.2103,-0.0603,0.063,0.0014
2020/12/28,0.2372,0.1508,0.1209,0.118,0.1476,0.0779,-0.018,0.0052,0.0425,0.0086,0.1046,-0.1966,-0.0646,0.0708,0.0013
2020/12/29,0.2465,0.1709,0.1154,0.1109,0.1576,0.068,-0.018,0.0049,0.0424,-0.0069,0.1015,-0.2042,-0.0667,0.0689,0.0013
2020/12/30,0.2728,0.1713,0.1116,0.1201,0.1582,0.0728,-0.0202,0.0047,0.0463,-0.0054,0.1066,-0.2242,-0.0701,0.073,0.0014
2021/01/04,0.3063,0.1667,0.1164,0.1137,0.1476,0.1111,-0.0195,0.0055,0.0476,0.0177,0.1294,-0.2443,-0.0735,0.0791,0.0015
2021/01/05,0.3116,0.157,0.0993,0.1091,0.1626,0.1263,-0.0136,0.0071,0.0444,0.0195,0.1319,-0.2447,-0.0646,0.067,0.0017
2021/01/06,0.2959,0.1505,0.0895,0.107,0.1522,0.1331,-0.0136,0.0074,0.0511,0.0121,0.1564,-0.2361,-0.0628,0.0675,0.0018
2021/01/07,0.3134,0.1491,0.1165,0.1283,0.1658,0.1506,-0.013,0.0071,0.0372,0.0104,0.1679,-0.2467,-0.06,0.0622,0.0017
2021/01/08,0.3711,0.1567,0.1123,0.1344,0.1853,0.1433,-0.0125,0.0071,0.0407,0.0042,0.1756,-0.279,-0.0529,0.0551,0.0016
2021/01/11,0.3746,0.1571,0.107,0.1293,0.1876,0.1414,-0.0088,0.0077,0.0403,-0.0311,0.1857,-0.2809,-0.0466,0.049,0.0017
2021/01/12,0.3583,0.1475,0.0896,0.1079,0.1907,0.1594,-0.01,0.0081,0.0312,-0.0447,0.2066,-0.2739,-0.0394,0.0418,0.0017
2021/01/13,0.3649,0.1601,0.0767,0.0979,0.2065,0.1547,-0.0114,0.0077,0.0333,-0.0378,0.2372,-0.277,-0.0434,0.0448,0.0017
2021/01/14,0.3767,0.1657,0.0858,0.101,0.2133,0.1366,-0.0141,0.0071,0.0355,-0.0371,0.2288,-0.2844,-0.04,0.0393,0.0016
2021/01/15,0.3566,0.1663,0.0874,0.1146,0.2137,0.1298,-0.0163,0.0066,0.0392,-0.0343,0.2152,-0.2724,-0.0366,0.0372,0.0015
2021/01/18,0.3329,0.1416,0.0811,0.1189,0.1952,0.1626,-0.0144,0.0077,0.0424,-0.0423,0.2046,-0.2615,-0.036,0.0353,0.0015
2021/01/19,0.365,0.1745,0.0865,0.1148,0.2156,0.1259,-0.0181,0.0074,0.0433,-0.0466,0.1985,-0.2787,-0.0327,0.0327,0.0016
2021/01/20,0.3632,0.1976,0.1042,0.1188,0.2057,0.1378,-0.0155,0.0076,0.0455,-0.0335,0.2265,-0.2774,-0.0327,0.0326,0.0015
2021/01/21,0.3788,0.1843,0.1153,0.1257,0.21,0.1606,-0.0108,0.0085,0.0468,-0.0302,0.2152,-0.2862,-0.0275,0.0265,0.0015
2021/01/22,0.3786,0.2164,0.1224,0.1421,0.2099,0.1668,-0.0159,0.0081,0.0502,-0.0364,0.2228,-0.2862,-0.0245,0.0246,0.0015
2021/01/25,0.4064,0.2637,0.1196,0.1421,0.2287,0.1891,-0.018,0.0071,0.0507,-0.0347,0.2139,-0.3019,-0.0269,0.026,0.0013
2021/01/26,0.3707,0.2991,0.1165,0.1227,0.2115,0.1846,-0.0182,0.0069,0.0454,-0.0298,0.2546,-0.2828,-0.0156,0.0161,0.0014
2021/01/27,0.378,0.2656,0.1267,0.152,0.2135,0.1772,-0.017,0.0074,0.045,-0.0391,0.2653,-0.286,-0.0171,0.0146,0.0014
2021/01/28,0.3454,0.2057,0.1071,0.1568,0.2135,0.1468,-0.0166,0.008,0.046,-0.0456,0.2546,-0.2675,-0.007,0.0074,0.0015
2021/01/29,0.329,0.1456,0.129,0.1842,0.1809,0.1128,-0.0146,0.0083,0.0471,-0.0274,0.2737,-0.2573,-0.0095,0.0083,0.0014
2021/02/01,0.4001,0.2392,0.1497,0.1809,0.2187,0.175,-0.0158,0.008,0.0515,-0.0089,0.3399,-0.2957,-0.014,0.0128,0.0014
2021/02/02,0.3995,0.2218,0.1587,0.1923,0.2223,0.1683,-0.0073,0.0095,0.0465,-0.022,0.3983,-0.2967,-0.014,0.0108,0.0014
2021/02/03,0.3835,0.2022,0.157,0.1796,0.2334,0.1672,-0.0076,0.0097,0.0516,-0.0361,0.346,-0.2889,-0.0145,0.0143,0.0015
2021/02/04,0.352,0.1652,0.1296,0.1597,0.197,0.1513,-0.012,0.0094,0.0489,-0.0492,0.3289,-0.2713,-0.0134,0.0123,0.0015
2021/02/05,0.3398,0.1503,0.1221,0.1461,0.1926,0.129,-0.0155,0.0086,0.0438,-0.0658,0.3492,-0.2642,-0.0025,0.001,0.0016
2021/02/08,0.3234,0.16,0.1221,0.1476,0.2094,0.1651,-0.0155,0.0087,0.0383,-0.0719,0.3861,-0.2548,0.001,-0.001,0.0016
2021/02/09,0.3025,0.1371,0.1012,0.1299,0.1878,0.1506,-0.0133,0.0091,0.0404,-0.0693,0.3931,-0.2423,0.0046,-0.0053,0.0017
2021/02/10,0.3117,0.165,0.1143,0.0843,0.1924,0.1925,-0.0102,0.0093,0.029,-0.0278,0.3662,-0.249,-0.0046,0.0034,0.0015
2021/02/15,0.3026,0.1761,0.1172,0.0847,0.1883,0.2397,-0.0127,0.0089,0.0342,-0.0379,0.399,-0.2431,-0.0101,0.0097,0.0016
2021/02/16,0.281,0.1434,0.095,0.0863,0.1777,0.225,-0.0114,0.0085,0.0303,-0.042,0.3862,-0.2294,-0.0066,0.0029,0.0016
2021/02/17,0.2675,0.1494,0.091,0.0717,0.1636,0.2395,-0.0119,0.008,0.0333,-0.0578,0.3687,-0.2211,0.0041,-0.0043,0.0015
2021/02/18,0.2507,0.1192,0.0945,0.0732,0.1856,0.1977,-0.0134,0.0077,0.0303,-0.057,0.4148,-0.2098,0.0046,-0.0053,0.0017
2021/02/19,0.2599,0.1061,0.0966,0.0699,0.1816,0.1958,-0.0151,0.0072,0.0277,-0.0547,0.368,-0.2161,-0.0076,0.0048,0.0016
2021/02/22,0.2454,0.0716,0.0936,0.0699,0.1776,0.1512,-0.0184,0.0069,0.0273,-0.0464,0.3731,-0.2062,-0.0035,0.001,0.0017
2021/02/23,0.2162,0.0422,0.0927,0.0581,0.178,0.1247,-0.0196,0.0061,0.0278,-0.0407,0.4135,-0.1866,0.0015,-0.0043,0.0017
2021/02/24,0.1838,0.0234,0.0724,0.056,0.1298,0.1087,-0.0133,0.0068,0.0256,-0.0167,0.3697,-0.1648,0.002,-0.0053,0.0018
2021/02/25,0.2341,0.0695,0.0823,0.0606,0.1435,0.135,-0.014,0.0072,0.0234,-0.0121,0.3826,-0.2025,0.001,-0.0029,0.0019
2021/02/26,0.1882,0.0182,0.0529,0.039,0.0926,0.1172,-0.0191,0.0064,0.0222,-0.0337,0.3541,-0.1694,0.02,-0.0206,0.0019
2021/03/02,0.1777,0.0083,0.0668,0.0537,0.0943,0.0776,-0.0168,0.0054,0.02,-0.0586,0.3374,-0.1635,0.0231,-0.0258,0.002
2021/03/03,0.1824,0.0004,0.0608,0.0526,0.0986,0.1136,-0.0161,0.006,0.0196,-0.0646,0.3131,-0.1668,0.0242,-0.0317,0.0019
2021/03/04,0.1468,-0.0256,0.0374,0.05,0.0763,0.0919,-0.0191,0.0057,0.02,-0.0751,0.3309,-0.1404,0.0396,-0.0427,0.0019
2021/03/05,0.1407,-0.0256,0.0267,0.0521,0.0763,0.091,-0.0193,0.005,0.0209,-0.0858,0.3933,-0.136,0.0402,-0.0431,0.002
2021/03/08,0.142,-0.0438,0.0427,0.0425,0.0925,0.0618,-0.023,0.0025,0.0183,-0.0943,0.4709,-0.1378,0.0458,-0.0448,0.0019
2021/03/09,0.1092,-0.0594,0.0376,0.0665,0.0755,0.0575,-0.023,-0.0002,0.0116,-0.1004,0.4223,-0.1123,0.0531,-0.0536,0.0018
2021/03/10,0.1117,-0.0722,0.0536,0.0769,0.083,0.0729,-0.0235,0.0007,0.0162,-0.0776,0.3816,-0.1148,0.0519,-0.0529,0.0015
2021/03/11,0.1246,-0.0602,0.0701,0.0962,0.0947,0.0877,-0.0216,0.0013,0.0238,-0.0627,0.3859,-0.1258,0.0441,-0.0431,0.0017
2021/03/12,0.1346,-0.0439,0.0766,0.1038,0.1058,0.0975,-0.0278,0.0002,0.023,-0.0734,0.3976,-0.1336,0.041,-0.0412,0.0017
2021/03/15,0.1335,-0.0516,0.0796,0.0966,0.1181,0.0578,-0.0295,-0.0006,0.0192,-0.0716,0.4104,-0.1319,0.0424,-0.0431,0.0018
2021/03/16,0.1381,-0.0374,0.0765,0.0879,0.1175,0.0589,-0.0235,0.0015,0.02,-0.0729,0.3651,-0.1358,0.0341,-0.0365,0.0017
2021/03/17,0.1302,-0.0412,0.0693,0.0796,0.1175,0.0549,-0.0224,0.0012,0.0212,-0.079,0.3485,-0.1301,0.0357,-0.0389,0.0016
2021/03/18,0.1399,-0.0418,0.0723,0.0896,0.1215,0.0548,-0.0274,0.0019,0.0141,-0.0781,0.3341,-0.1377,0.0226,-0.0267,0.0016
2021/03/19,0.128,-0.0425,0.055,0.0808,0.1138,0.0332,-0.0232,0.0012,0.0141,-0.0808,0.238,-0.1278,0.0293,-0.0324,0.0016
2021/03/22,0.1472,-0.0266,0.0649,0.1123,0.099,0.0474,-0.0235,0.0005,0.0162,-0.0841,0.3097,-0.1441,0.0214,-0.0212,0.0016
2021/03/23,0.1204,-0.022,0.0691,0.0808,0.0892,0.02,-0.0225,0,0.0163,-0.0757,0.315,-0.121,0.0214,-0.024,0.0016
2021/03/24,0.0935,-0.0231,0.0581,0.0684,0.0609,0.0174,-0.0163,0.001,0.0178,-0.0853,0.2082,-0.0989,0.0318,-0.0311,0.0016
2021/03/25,0.0982,-0.0251,0.0553,0.0827,0.0769,0.0138,-0.0139,0.001,0.0174,-0.0834,0.2426,-0.1034,0.0313,-0.0316,0.0017
2021/03/26,0.1084,-0.0261,0.0638,0.0886,0.0926,0.0372,-0.0177,0.0012,0.017,-0.0869,0.2311,-0.1124,0.0277,-0.0277,0.0018
2021/03/29,0.0826,-0.0683,0.0543,0.0812,0.0675,0.0287,-0.0145,0.0016,0.0224,-0.0887,0.2465,-0.0916,0.0399,-0.0403,0.0017
2021/03/30,0.0721,-0.067,0.0624,0.0818,0.0703,0.0308,-0.0189,0.0012,0.0178,-0.1006,0.2775,-0.0811,0.0452,-0.0458,0.0016
2021/03/31,0.0692,-0.0738,0.0587,0.0892,0.0672,0.0223,-0.0187,0.0019,0.019,-0.1118,0.2661,-0.0776,0.0431,-0.043,0.002
2021/04/01,0.079,-0.0651,0.0658,0.092,0.0769,0.0317,-0.016,0.0019,0.0165,-0.0979,0.2477,-0.0858,0.0437,-0.043,0.002
2021/04/02,0.091,-0.0647,0.0786,0.0978,0.0858,0.0419,-0.0177,0.0021,0.0223,-0.0948,0.2546,-0.0964,0.0395,-0.0387,0.0021
2021/04/05,0.0493,-0.0678,0.0903,0.125,0.1144,-0.0139,-0.0236,-0.0005,0.0198,-0.1186,0.2797,-0.0623,0.039,-0.0402,0.0016
2021/04/06,0.0611,-0.0661,0.0983,0.1188,0.1058,-0.0314,-0.019,0.0005,0.0136,-0.115,0.1973,-0.0715,0.0322,-0.034,0.0016
2021/04/07,0.0395,-0.0709,0.0819,0.0969,0.0892,-0.0461,-0.0178,0.0001,0.0206,-0.1013,0.1743,-0.0521,0.0275,-0.0284,0.0017
2021/04/08,-0.0055,-0.0628,0.0734,0.0848,0.0628,-0.0479,-0.0133,0.0013,0.0202,-0.0936,0.1645,-0.0065,0.0259,-0.027,0.0017
2021/04/09,-0.0102,-0.0586,0.0741,0.0917,0.0663,-0.066,-0.0144,0.0009,0.021,-0.0909,0.1688,-0.0013,0.0295,-0.0299,0.0017
2021/04/12,-0.005,-0.0459,0.0837,0.0995,0.0503,-0.1053,-0.0136,0.0015,0.0282,-0.0692,0.1311,-0.0065,0.0241,-0.0272,0.0016
2021/04/13,0.0007,-0.0287,0.0851,0.0962,0.0473,-0.1061,-0.0162,0.0013,0.024,-0.0785,0.1216,-0.013,0.0294,-0.03,0.0016
2021/04/14,0.0089,-0.0179,0.086,0.1078,0.0353,-0.087,-0.0125,0.0016,0.0177,-0.0571,0.1569,-0.0182,0.018,-0.0191,0.0016
2021/04/15,0.0325,0.0013,0.0957,0.0995,0.0325,-0.0884,-0.0153,0.0015,0.0185,-0.0628,0.1917,-0.0431,0.0175,-0.0201,0.0017
2021/04/16,0.0319,0.0103,0.1028,0.1041,0.0403,-0.0815,-0.0155,0.0009,0.0185,-0.0517,0.2021,-0.0419,0.0154,-0.0177,0.0017
2021/04/19,0.0292,0.0355,0.1017,0.1177,0.0351,-0.0527,-0.0127,0.0011,0.0214,-0.0362,0.2123,-0.037,0.0133,-0.0158,0.0017
2021/04/20,0.0298,0.0059,0.0977,0.1223,0.0257,-0.0648,-0.0168,0.0003,0.0176,-0.0501,0.2054,-0.0372,0.0113,-0.0134,0.0018
2021/04/21,-0.0033,-0.0069,0.0714,0.0896,-0.0074,-0.0729,-0.0165,0.0004,0.0168,-0.0522,0.175,-0.0052,0.0185,-0.0191,0.0018
2021/04/22,0.0052,-0.0003,0.0873,0.1084,0.0208,-0.0798,-0.0114,0.0016,0.0078,-0.0417,0.1716,-0.0142,0.0128,-0.0158,0.0018
2021/04/23,0.0058,-0.0023,0.078,0.1129,0.0123,-0.0718,-0.0158,0.0011,0.0143,-0.0452,0.1843,-0.0142,0.0138,-0.0168,0.0018
2021/04/26,0.019,-0.0236,0.0921,0.1277,0.0203,-0.0708,-0.0189,0.0012,0.0168,-0.0461,0.1797,-0.0271,0.0061,-0.0096,0.0019
2021/04/27,0.0236,-0.0197,0.0916,0.1249,0.0171,-0.0703,-0.0176,0.0009,0.018,-0.0419,0.1866,-0.0334,0.0056,-0.0077,0.0018
2021/04/28,0.0317,-0.0314,0.1229,0.1411,0.0256,-0.0489,-0.0189,0.0007,0.0197,-0.0418,0.2072,-0.0403,-0.006,0.0039,0.0018
2021/04/29,0.0519,-0.0128,0.1249,0.1397,0.0543,-0.0244,-0.0206,-0.0003,0.0198,-0.0396,0.234,-0.0602,-0.0086,0.0078,0.0021
2021/04/30,0.0446,-0.0159,0.123,0.1276,0.0457,-0.0261,-0.0224,-0.0003,0.0281,-0.0448,0.2426,-0.0528,-0.0061,0.0039,0.0022
2021/05/03,-0.0103,-0.0875,0.0919,0.1085,0.0003,-0.0762,-0.0233,-0.0014,0.0172,-0.0366,0.1579,0.0026,0.0071,-0.0083,0.0018
2021/05/04,0.015,-0.0695,0.0947,0.1129,0.0107,-0.0683,-0.0215,-0.0009,0.0172,-0.0245,0.1545,-0.0229,0.0025,-0.0044,0.0018
2021/05/06,0.0081,-0.0752,0.0742,0.1083,0.0245,-0.0752,-0.0197,-0.0002,0.013,-0.0065,0.1647,-0.0154,0.002,-0.0039,0.0017
2021/05/07,0.0146,-0.0616,0.0833,0.1128,0.0263,-0.084,-0.0203,-0.0002,0.0122,0.0077,0.1569,-0.0245,-0.002,0.001,0.0018
2021/05/10,0.0382,-0.0323,0.0806,0.1081,-0.0021,-0.1312,-0.0191,0.0001,0.018,-0.0064,0.1293,-0.0448,0.0061,-0.0092,0.0018
2021/05/11,0.02,-0.0542,0.0633,0.0948,-0.0307,-0.1228,-0.0188,0.0001,0.0172,-0.0079,0.1122,-0.0269,0.0112,-0.0125,0.0018
2021/05/12,0.0031,-0.0677,0.0553,0.081,-0.0446,-0.1178,-0.0178,0.0001,0.0172,-0.0083,0.1274,-0.0128,0.0158,-0.0183,0.0017
2021/05/13,-0.0085,-0.0812,0.0385,0.0753,-0.0678,-0.1293,-0.0202,-0.0005,0.0131,-0.0155,0.1217,-0.0013,0.0204,-0.0231,0.0019
2021/05/14,0.0008,-0.0603,0.0531,0.094,-0.0564,-0.1022,-0.0202,0,0.0106,-0.0091,0.0989,-0.0102,0.0194,-0.0222,0.0019
2021/05/17,-0.0115,-0.0514,0.0603,0.0989,-0.084,-0.0988,-0.0159,0.0008,0.0151,0.0332,0.0886,0.0013,0.0234,-0.0261,0.0019
2021/05/18,0.0147,-0.0282,0.0661,0.1043,-0.0617,-0.0793,-0.0171,0.0009,0.0139,0.0464,0.0809,-0.0267,0.0193,-0.0217,0.0018
2021/05/20,0.0027,-0.0288,0.0529,0.0895,-0.0667,-0.0802,-0.0157,0.0003,0.0127,0.0554,0.0724,-0.0141,0.0245,-0.026,0.0018
2021/05/21,0.0023,-0.0343,0.0671,0.1012,-0.0606,-0.0939,-0.0148,0.001,0.0147,0.055,0.0482,-0.0141,0.0194,-0.0202,0.0018
2021/05/24,0.0331,0.0205,0.0809,0.115,-0.0357,-0.031,-0.0164,0.0004,0.0127,0.0385,0.0525,-0.0434,0.0137,-0.0136,0.0019
2021/05/25,0.0063,-0.0079,0.0724,0.1035,-0.0557,-0.0117,-0.0144,0,0.0159,0.0432,0.0473,-0.0155,0.0137,-0.0159,0.0018
2021/05/26,0.0329,0.0261,0.0976,0.1233,-0.0137,0.0057,-0.0073,0.0005,0.0188,0.0773,0.0565,-0.0426,-0.0055,0.0024,0.0017
2021/05/27,0.031,0.0364,0.0953,0.122,-0.0155,0.0107,-0.0067,0.0009,0.0205,0.0753,0.053,-0.0413,-0.006,0.0029,0.0018
2021/05/28,0.0374,0.0338,0.101,0.1286,0.0026,0.0041,-0.0072,-0.0002,0.016,0.0703,0.0671,-0.0488,-0.007,0.0044,0.0016
2021/05/31,0.0414,0.0382,0.1004,0.1331,-0.0003,0.0078,-0.0117,-0.0009,0.0201,0.0794,0.0689,-0.0513,-0.0105,0.0078,0.0019
2021/06/01,0.0473,0.0389,0.099,0.1278,-0.0068,0.0008,-0.0111,-0.0006,0.0176,0.0832,0.083,-0.0576,-0.0151,0.0108,0.0019
2021/06/02,0.0349,0.001,0.0785,0.1173,-0.0135,-0.0025,-0.0137,-0.0007,0.0151,0.1015,0.1289,-0.0431,-0.0095,0.0093,0.0019
2021/06/03,0.0331,0.0049,0.0836,0.1152,-0.0114,-0.0158,-0.0131,-0.001,0.0193,0.0941,0.1534,-0.0424,-0.0055,0.0059,0.0017
2021/06/04,0.0425,0.0003,0.1013,0.1222,0.0021,0.0033,-0.01,-0.0018,0.0192,0.0876,0.1225,-0.0506,-0.007,0.0049,0.0016
2021/06/07,0.0518,0.0003,0.1218,0.1252,0.005,-0.0012,-0.0081,-0.0006,0.0209,0.1077,0.0757,-0.0592,-0.0105,0.0103,0.0016
2021/06/08,0.0598,0.0275,0.1034,0.1292,0.0053,0.0286,-0.0037,0.001,0.0217,0.1097,0.0281,-0.0662,-0.0174,0.0148,0.0016
2021/06/09,0.0544,0.0215,0.0992,0.1041,-0.0019,0.0375,-0.0008,0.0047,0.0254,0.1172,0.087,-0.0608,-0.0218,0.0214,0.0016
2021/06/10,0.064,0.0455,0.0931,0.098,-0.0024,0.0487,0.0005,0.0019,0.0204,0.1018,0.0979,-0.0691,-0.0232,0.0229,0.0017
2021/06/11,0.0504,0.0237,0.0831,0.0827,-0.006,0.033,-0.0028,0.0011,0.0225,0.0953,0.0764,-0.0556,-0.0223,0.0198,0.0014
2021/06/14,0.0407,0.0169,0.0791,0.0821,-0.0155,0.0242,0.0058,0.0025,0.0233,0.0844,0.0808,-0.0459,-0.0139,0.0133,0.0014
2021/06/15,0.0482,0.0177,0.0836,0.0939,-0.0121,0.0339,0.009,0.0027,0.0237,0.0823,0.0752,-0.0544,-0.0169,0.0159,0.0012
2021/06/16,0.0459,-0.0104,0.0704,0.0928,-0.0209,0.0142,0.0047,0.0009,0.0204,0.0689,0.1158,-0.0524,-0.011,0.0103,0.0011
2021/06/17,0.0482,-0.0045,0.0613,0.1043,-0.0233,0.0137,0.0077,0.0009,0.0187,0.0405,0.0946,-0.0545,0.0005,0.0005,0.0011
2021/06/18,0.0438,0.0146,0.0633,0.093,-0.0305,0.0167,0.0134,0.0002,0.0229,0.0172,0.0978,-0.0485,0.0075,-0.0098,0.001
2021/06/21,0.0447,0.0111,0.0633,0.0713,-0.0556,0.0297,0.0119,0.001,0.0233,0.0151,0.1996,-0.0518,0.0035,-0.0059,0.0011
2021/06/22,0.0501,0.0107,0.082,0.0893,-0.0081,0.0247,0.0042,0.0001,0.0221,0.0233,0.1968,-0.0557,0.002,-0.0064,0.0011
2021/06/23,0.0656,0.0219,0.083,0.0966,-0.0011,0.0529,0.0032,0.0011,0.0238,0.0207,0.2051,-0.0726,0.0065,-0.0079,0.001
2021/06/24,0.0745,0.0055,0.0884,0.0916,0.0172,0.0572,-0.0017,-0.0013,0.0204,0.0229,0.2595,-0.0786,-0.0005,-0.0049,0.0011
2021/06/25,0.0752,0.0007,0.0955,0.088,0.0058,0.0752,-0.0072,-0.0023,0.022,0.0211,0.2265,-0.0789,-0.005,0.003,0.0008
2021/06/28,0.0643,0.0059,0.0906,0.0798,-0.0078,0.0535,-0.0062,-0.0036,0.0237,0.0284,0.2454,-0.0684,0,-0.003,0.0006
2021/06/29,0.0621,0.0149,0.0857,0.0617,-0.0237,0.047,-0.0066,-0.0026,0.0166,0.0251,0.22,-0.0681,-0.0035,0.003,0.0005
2021/06/30,0.054,0.0221,0.0826,0.0596,-0.0213,0.0428,0.0019,-0.0016,0.0191,0.0271,0.1957,-0.0588,-0.007,0.0059,0.0006
2021/07/01,0.0412,0.028,0.0819,0.0433,-0.0304,0.0454,-0.0008,-0.0026,0.0195,0.0352,0.2261,-0.0463,0,-0.002,0.0003
2021/07/02,0.0284,0.0317,0.0728,0.0371,-0.034,0.0111,0.0002,-0.004,0.015,0.0312,0.2395,-0.0351,0.006,-0.0084,0.0003
2021/07/05,0.0312,0.0503,0.0775,0.0252,-0.0545,0.0056,0.0044,-0.0019,0.0162,0.0319,0.2368,-0.0378,0.003,-0.0039,0.0005
2021/07/06,0.0345,0.0482,0.0697,0.0287,-0.0424,0.0112,0.0047,-0.0025,0.0179,0.0377,0.2852,-0.0405,0.0086,-0.0108,0.0007
2021/07/07,0.0255,0.0502,0.0667,0.025,-0.0484,0.0435,0.0055,-0.0009,0.0113,0.0334,0.2393,-0.0314,0.0197,-0.0209,0.0006
2021/07/08,0.0158,0.02,0.0617,0.0292,-0.0586,0.0312,0.0053,-0.0002,0.0125,0.0287,0.2156,-0.0222,0.0227,-0.0249,0.0008
2021/07/09,0.0098,0.0127,0.0553,0.0056,-0.0614,0.0464,0.0045,0,0.0113,0.0256,0.2259,-0.0156,0.0226,-0.0254,0.0009
2021/07/12,0.0189,0.0024,0.0612,0.0283,-0.0407,0.0736,0.003,-0.0016,0.0121,0.0321,0.2561,-0.0247,0.0195,-0.0192,0.0008
2021/07/13,0.0159,-0.0092,0.0626,0.0446,-0.0414,0.0759,0.0043,-0.0022,0.0089,0.0468,0.2408,-0.0224,0.0165,-0.0177,0.0009
2021/07/14,0.0055,-0.0079,0.0547,0.0308,-0.0441,0.0641,0.0026,-0.0026,0.0154,0.0362,0.2333,-0.0146,0.0278,-0.0288,0.0008
2021/07/15,0.0114,0.0087,0.0588,0.0346,-0.0406,0.0813,0.0031,-0.0049,0.0097,0.0485,0.1451,-0.0186,0.0207,-0.0219,0.0007
2021/07/16,0.0077,-0.0046,0.049,0.0234,-0.0574,0.066,0.0048,-0.0027,0.0093,0.0325,0.1282,-0.0146,0.0212,-0.0229,0.0006
2021/07/19,-0.0035,-0.0162,0.0341,-0.0026,-0.0691,0.0431,0.0038,-0.0039,0.0076,0.0107,0.1349,-0.004,0.0278,-0.0278,0.0006
2021/07/20,-0.013,-0.0173,0.0267,-0.014,-0.0618,0.047,0.0116,-0.0018,0.006,0.0241,0.0585,0.0053,0.034,-0.0359,0.0006
2021/07/21,-0.0001,-0.0019,0.0477,0.0128,-0.0412,0.0488,0.0131,-0.0027,0.0085,0.0119,0.0869,-0.0065,0.0303,-0.0336,0.0007
2021/07/22,0.0108,0.004,0.0472,0.0167,-0.0524,0.0494,0.0078,-0.0038,0.0146,0.0016,0.1627,-0.0171,0.0298,-0.0307,0.0006
2021/07/23,0.012,0.009,0.0611,0.0225,-0.0444,0.0339,0.0144,-0.0022,0.0093,0.0091,0.1717,-0.0197,0.0283,-0.0307,0.0007
2021/07/26,-0.0079,-0.0006,0.0538,0.0248,-0.0449,0.0061,0.0197,-0.0021,0.0081,0.0132,0.1667,0,0.037,-0.0384,0.0007
2021/07/27,-0.0074,0.0068,0.0546,0.0195,-0.0396,-0.0061,0.019,-0.0018,0.0085,0.0041,0.1643,0.0013,0.0361,-0.0373,0.0007
2021/07/28,0.0063,0.0231,0.0525,0.0196,-0.0521,-0.0319,0.0212,-0.0038,0.0085,0.0174,0.1559,-0.0118,0.0375,-0.0388,0.0007
2021/07/29,0.0111,0.047,0.0491,0.0228,-0.0499,-0.0185,0.0196,-0.0035,0.0117,0.0169,0.1466,-0.0183,0.0336,-0.0362,0.0004
2021/07/30,0.0058,0.0313,0.0456,0.0278,-0.0561,-0.0237,0.023,-0.0024,0.0032,0.029,0.1421,-0.013,0.0345,-0.034,0.0003
2021/08/02,0.0105,0.0454,0.0545,0.036,-0.0453,0.0017,0.021,-0.0023,0.0032,0.017,0.1455,-0.0195,0.0345,-0.0349,0.0003
2021/08/03,0.0259,0.075,0.0512,0.0421,-0.0343,0.0087,0.0227,-0.002,0.0036,0.0132,0.1416,-0.0323,0.0231,-0.024,0.0005
2021/08/04,0.0316,0.0794,0.0582,0.042,-0.0438,0.01,0.0234,-0.002,0.006,0.0115,0.1098,-0.039,0.0196,-0.021,0.0004
2021/08/05,0.0297,0.0866,0.0541,0.0479,-0.0361,0.0048,0.0244,-0.002,0.006,0.0099,0.0703,-0.0377,0.0196,-0.0205,0.0006
2021/08/06,0.0189,0.0919,0.0641,0.0413,-0.0509,-0.0017,0.0221,-0.0033,0.004,-0.0004,0.0758,-0.0275,0.0145,-0.0152,0.0007
2021/08/09,0.0077,0.0756,0.054,0.0393,-0.0614,0.0179,0.0206,-0.0034,0.0036,-0.0448,0.0407,-0.0145,0.0206,-0.0215,0.0005
2021/08/10,-0.0154,0.047,0.0468,0.0347,-0.0589,0.0329,0.0211,-0.0034,0.0004,-0.0596,0.0438,0.008,0.0319,-0.0321,0.0004
2021/08/11,-0.0068,0.0748,0.0652,0.0518,-0.0253,0.0317,0.0209,-0.0027,0.0016,-0.0613,0.0786,0,0.0322,-0.0346,0.0005
2021/08/12,0.0059,0.0871,0.0763,0.0686,-0.0132,0.0225,0.0184,-0.0028,0.0012,-0.0485,0.0708,-0.0104,0.0311,-0.0329,0.0006
2021/08/13,0.0004,0.0917,0.0978,0.0776,0.0155,0.0329,0.0211,-0.0023,0.0044,-0.0383,0.0695,-0.0064,0.0325,-0.0335,0.0005
2021/08/17,-0.0158,0.0466,0.0743,0.0375,-0.0148,-0.0321,0.0214,-0.0038,0.0056,-0.0376,0.0458,0.0116,0.0368,-0.0352,0.0004
2021/08/18,-0.0225,0.0524,0.0673,0.0371,-0.0292,-0.0259,0.0232,-0.0035,0.002,-0.0463,0.0266,0.0183,0.0335,-0.0355,0.0004
2021/08/19,-0.042,0.0266,0.0488,0.0211,-0.0408,-0.0268,0.0239,-0.0029,0.0048,-0.0542,-0.015,0.0392,0.0405,-0.0409,0.0005
2021/08/20,-0.0483,0.0014,0.072,0.0337,-0.0391,-0.0531,0.0249,-0.0018,0.0065,-0.0509,0.0208,0.0455,0.0403,-0.04,0.0006
2021/08/23,-0.0393,0.0405,0.0719,0.0406,-0.024,-0.0286,0.0218,-0.0032,0.0012,-0.0517,0.0372,0.0338,0.0405,-0.0423,0.0005
2021/08/24,-0.0182,0.0789,0.0793,0.0356,-0.026,-0.0202,0.0177,-0.0037,0.0044,-0.046,0.0465,0.013,0.033,-0.0354,0.0003
2021/08/25,-0.0244,0.0681,0.0669,0.0282,-0.0273,-0.0477,0.0181,-0.0038,0.0016,-0.0481,0.0368,0.0183,0.0372,-0.0387,0.0001
2021/08/26,-0.0298,0.0705,0.0722,0.0291,-0.0288,-0.0579,0.0185,-0.0019,0.0068,-0.0664,0.0468,0.0248,0.0459,-0.0459,0.0003
2021/08/27,-0.0286,0.0564,0.073,0.0331,-0.0281,-0.0649,0.0171,-0.0028,0.0052,-0.0545,0.0604,0.0235,0.0455,-0.0449,0.0003
2021/08/30,-0.0322,0.0696,0.0744,0.0293,-0.0454,-0.0633,0.0205,-0.0014,0.0125,-0.0447,0.043,0.0303,0.044,-0.0438,0.0005
2021/08/31,-0.0169,0.0728,0.0826,0.0317,-0.0342,-0.0679,0.0252,0.0001,0.008,-0.0512,0.0529,0.0119,0.0411,-0.0422,0.0003
2021/09/01,-0.0211,0.0791,0.0824,0.038,-0.018,-0.05,0.0231,-0.0014,0.0125,-0.0549,0.0359,0.0159,0.0438,-0.0426,0.0004
2021/09/02,-0.0292,0.0912,0.0802,0.0309,-0.02,-0.0408,0.0248,-0.0012,0.0129,-0.0476,0.0277,0.0252,0.0415,-0.0418,0.0005
2021/09/03,-0.032,0.0852,0.0825,0.0326,-0.0016,-0.047,0.0224,-0.0011,0.0117,-0.0484,0.0321,0.0295,0.0354,-0.037,0.0008
2021/09/06,-0.0249,0.0965,0.0874,0.0266,0.0208,-0.0272,0.0185,-0.0012,0.01,-0.0271,0.0112,0.02,0.0339,-0.0351,0.0007
2021/09/07,-0.0342,0.1008,0.0784,0.0275,0.0361,-0.0108,0.0181,-0.0018,0.0052,-0.039,0.0224,0.0308,0.039,-0.0412,0.0007
2021/09/08,-0.0407,0.0762,0.0725,0.0265,0.0478,-0.0112,0.0109,-0.002,0.004,-0.057,0.0177,0.0388,0.0461,-0.0462,0.0006
2021/09/09,-0.0469,0.0846,0.0675,0.0107,0.039,-0.0104,0.0118,-0.0036,0.0024,-0.0595,0.0047,0.0423,0.047,-0.0477,0.0008
2021/09/10,-0.0457,0.0704,0.0702,0.0182,0.0504,-0.0045,0.0099,-0.0027,0.0056,-0.0487,0.008,0.0424,0.046,-0.0463,0.0008
2021/09/13,-0.0506,0.0595,0.0585,0.0125,0.0489,-0.0012,0.0095,-0.0029,0.0044,-0.063,0.0221,0.0481,0.0574,-0.0543,0.0008
2021/09/14,-0.0441,0.0613,0.0564,0.0082,0.0578,-0.0112,0.0047,-0.0029,0.0032,-0.0415,0.0187,0.0401,0.047,-0.0463,0.0008
2021/09/15,-0.045,0.0781,0.0457,0.0064,0.0345,-0.0147,0.007,-0.0019,0.002,-0.039,0.0171,0.0415,0.0459,-0.0463,0.0011
2021/09/16,-0.059,0.0805,0.0581,0.0004,0.0351,-0.0115,0.0048,-0.0018,0.0052,-0.0439,0.0183,0.0593,0.0475,-0.0468,0.0014
2021/09/17,-0.0512,0.081,0.0684,-0.0011,0.049,-0.0135,0.0028,-0.0014,0.0056,-0.0317,0.0262,0.0483,0.0369,-0.0385,0.0013
2021/09/23,-0.0577,0.0472,0.0382,0.0175,0.0293,-0.0218,-0.002,-0.0023,0.0064,-0.0124,0.006,0.058,0.0333,-0.0328,0.0014
2021/09/24,-0.0621,0.0551,0.0479,0.0263,0.0553,-0.0184,-0.0052,-0.0013,0.0056,-0.0157,0.0195,0.0622,0.0363,-0.0337,0.0014
2021/09/27,-0.0638,0.0551,0.0519,0.016,0.0472,-0.0265,-0.003,-0.001,0.0044,-0.0153,0.0405,0.0653,0.04,-0.0423,0.0016
2021/09/28,-0.075,0.023,0.0383,0.0111,0.0453,-0.0235,-0.0075,-0.0003,0.0036,-0.0273,0.0567,0.0774,0.0464,-0.0464,0.0019
2021/09/29,-0.0836,0.0089,0.0234,0.0025,0.0411,-0.0233,-0.0074,-0.0014,-0.0004,-0.0241,0.0364,0.088,0.046,-0.0453,0.0019
2021/09/30,-0.0831,0.0071,0.0259,0.0032,0.0321,-0.0187,-0.0098,-0.0014,0.0008,-0.0201,0.039,0.087,0.0496,-0.0482,0.002
2021/10/01,-0.095,-0.0215,-0.004,-0.0216,0.0037,-0.0364,-0.0115,-0.0026,0.0036,-0.0166,0.039,0.0997,0.0468,-0.0465,0.0018
2021/10/05,-0.1114,-0.0579,-0.007,-0.0184,-0.0158,-0.0213,-0.0139,-0.0027,-0.0012,-0.0186,0.056,0.1206,0.0494,-0.0484,0.0018
2021/10/06,-0.1291,-0.0743,-0.0046,-0.0058,-0.0338,-0.0133,-0.0256,-0.0043,-0.0008,-0.033,0.0576,0.1429,0.0544,-0.0509,0.0017
2021/10/07,-0.109,-0.0545,0.0146,0.0033,-0.0186,-0.0233,-0.0257,-0.0054,-0.0028,-0.0262,0.0629,0.1176,0.0436,-0.0447,0.0016
2021/10/08,-0.1016,-0.0445,0.0157,0.0109,0.0035,0.0101,-0.0281,-0.0066,-0.004,-0.025,0.1208,0.107,0.0424,-0.041,0.0014
2021/10/12,-0.1155,-0.0535,-0.0032,-0.0058,-0.003,-0.0129,-0.0339,-0.0078,-0.0036,-0.0245,0.1071,0.1227,0.0433,-0.0431,0.0013
2021/10/13,-0.114,-0.0514,-0.0057,-0.0104,-0.0117,0.0062,-0.0289,-0.0073,0.0004,-0.0301,0.0993,0.1211,0.0409,-0.0405,0.0014
2021/10/14,-0.0998,-0.0228,0.0078,0.0072,0.0054,0.0038,-0.0253,-0.0071,-0.002,-0.0146,0.0953,0.1047,0.0305,-0.0306,0.0014
2021/10/15,-0.0967,-0.034,0.0206,0.0205,0.0269,-0.0037,-0.0245,-0.0047,-0.0012,-0.0257,0.1542,0.1,0.0331,-0.0349,0.0015
2021/10/18,-0.0957,-0.0285,0.0246,0.0261,0.0378,-0.005,-0.0296,-0.0081,0.0036,-0.0375,0.1797,0.0981,0.0406,-0.0398,0.0016
2021/10/19,-0.0777,-0.0133,0.0443,0.0412,0.0593,0.0004,-0.0304,-0.0077,0.0024,-0.018,0.1775,0.0758,0.0251,-0.0261,0.0015
2021/10/20,-0.0788,-0.0164,0.0576,0.0556,0.0631,-0.0062,-0.0366,-0.0082,0.0028,-0.0263,0.2341,0.0796,0.0181,-0.0201,0.0014
2021/10/21,-0.0757,-0.0313,0.0486,0.0489,0.0552,-0.0152,-0.0376,-0.007,0.002,-0.0183,0.2561,0.0738,0.0196,-0.0197,0.0015
2021/10/22,-0.0862,-0.035,0.0437,0.0364,0.0445,0.0017,-0.0357,-0.0079,0.0032,-0.0102,0.1804,0.0854,0.0216,-0.0236,0.0014
2021/10/25,-0.0832,-0.0359,0.04,0.0289,0.0406,0.0008,-0.0385,-0.0091,0.0032,-0.0086,0.1954,0.0843,0.0132,-0.0146,0.0014
2021/10/26,-0.0646,-0.008,0.0424,0.0332,0.0492,0.0361,-0.043,-0.0106,0.002,-0.0041,0.1905,0.0623,0.0083,-0.0091,0.0014
2021/10/27,-0.0739,-0.01,0.0388,0.035,0.0445,0.0416,-0.0458,-0.0131,0.0016,-0.0062,0.1745,0.0743,0.0152,-0.0161,0.001
2021/10/28,-0.0793,-0.0074,0.0372,0.0398,0.0516,0.0531,-0.0392,-0.0114,0.0028,-0.0049,0.15,0.077,0.0112,-0.0131,0.0011
2021/10/29,-0.0954,-0.0255,0.04,0.0283,0.0443,0.0452,-0.0521,-0.0129,0.0048,-0.0146,0.1534,0.0985,0.0172,-0.0186,0.001
2021/11/01,-0.0804,0.0075,0.0535,0.0455,0.0879,0.0539,-0.0451,-0.0146,0.0044,-0.0278,0.1514,0.0788,0.0206,-0.0231,0.001
2021/11/02,-0.0725,0.0044,0.0441,0.0455,0.0715,0.0116,-0.0422,-0.0134,0.0048,-0.011,0.1644,0.0714,0.0191,-0.0206,0.0011
2021/11/03,-0.0936,0.0013,0.0533,0.0454,0.0703,0.0164,-0.0432,-0.0131,0.0064,-0.0196,0.173,0.0973,0.026,-0.0271,0.001
2021/11/04,-0.1011,-0.0073,0.0553,0.0542,0.0903,0.0202,-0.0399,-0.0135,0.0052,-0.0256,0.1484,0.1055,0.0311,-0.032,0.0011
2021/11/05,-0.1034,-0.0043,0.0644,0.05,0.0747,0.0285,-0.035,-0.0118,0.0056,-0.0098,0.1731,0.1081,0.0345,-0.0345,0.001
2021/11/08,-0.1003,-0.0149,0.0604,0.0489,0.0577,0.0282,-0.0323,-0.0111,0.0072,0.0082,0.1941,0.1035,0.0326,-0.0349,0.001
2021/11/09,-0.0938,-0.0083,0.0635,0.0445,0.061,0.0146,-0.0269,-0.0093,0.0104,0.0444,0.2394,0.0964,0.0266,-0.029,0.0012
2021/11/10,-0.0976,-0.023,0.057,0.0431,0.0499,-0.0017,-0.0276,-0.0093,0.0112,0.0502,0.2581,0.0997,0.025,-0.0266,0.0011
2021/11/11,-0.0895,-0.0176,0.0515,0.0397,0.0491,0.0051,-0.0305,-0.0112,0.0104,0.0704,0.1965,0.0895,0.0195,-0.0202,0.0011
2021/11/12,-0.0762,0.0053,0.0496,0.0417,0.0645,0.0097,-0.0298,-0.0115,0.0104,0.0585,0.1858,0.0734,0.0151,-0.0147,0.0011
2021/11/15,-0.0495,0.0407,0.0523,0.0402,0.0659,0.0119,-0.0252,-0.0101,0.0104,0.055,0.1807,0.0439,0.0073,-0.0092,0.0012
2021/11/16,-0.0512,0.0447,0.0512,0.044,0.0681,0.014,-0.0283,-0.0118,0.01,0.0596,0.2013,0.0465,0.0077,-0.0092,0.0013
2021/11/17,-0.0524,0.0521,0.054,0.0502,0.0864,0.0289,-0.0337,-0.0113,0.0044,0.0333,0.2058,0.0471,0.0024,-0.0056,0.0013
2021/11/18,-0.061,0.036,0.0572,0.048,0.0749,0.0172,-0.0334,-0.0112,0.0084,0.0395,0.1767,0.0564,0.0077,-0.0077,0.0014
2021/11/19,-0.0348,0.0725,0.0819,0.0658,0.0962,0.0283,-0.0358,-0.0122,0.0056,0.0461,0.2601,0.0289,0.0048,-0.0067,0.0013
2021/11/22,-0.0027,0.0922,0.0734,0.0659,0.099,0.0574,-0.0374,-0.0134,0.006,0.0305,0.2085,-0.005,0.0029,-0.0041,0.0012
2021/11/23,-0.0202,0.0311,0.05,0.031,0.0874,0.046,-0.0372,-0.0132,0.0097,0.0091,0.2184,0.0138,0.0115,-0.0118,0.0011
2021/11/24,-0.0405,0.0208,0.0474,0.0266,0.0634,0.0438,-0.0327,-0.0115,0.0052,-0.0082,0.2204,0.0346,0.0155,-0.0173,0.0011
2021/11/25,-0.0505,0.0037,0.0537,0.0335,0.0716,0.0377,-0.0292,-0.01,0.004,-0.0045,0.1903,0.0476,0.0184,-0.0183,0.0012
2021/11/26,-0.0609,-0.0027,0.0369,0.0127,0.0429,0.0381,-0.0214,-0.0094,-0.004,0.0066,0.1406,0.0599,0.0169,-0.0179,0.001
2021/11/29,-0.0678,-0.0033,0.0364,-0.0099,0.0261,0.033,-0.0229,-0.0082,-0.0056,-0.0074,0.0633,0.0663,0.0184,-0.0194,0.001
2021/11/30,-0.0889,-0.0324,0.0243,-0.0351,0.0091,0.0301,-0.0207,-0.0077,-0.0076,-0.0146,0.0222,0.092,0.0165,-0.0188,0.001
2021/12/01,-0.0864,-0.0365,0.0189,-0.0199,-0.0057,0.0216,-0.0165,-0.0079,-0.0151,-0.0191,0.0126,0.0889,0.0171,-0.0187,0.0008
2021/12/02,-0.0634,-0.0389,0.0052,-0.0216,-0.0218,0.0176,-0.0163,-0.0083,-0.0115,-0.0236,-0.0048,0.0608,0.0107,-0.0132,0.001
2021/12/03,-0.0624,-0.0256,0.0109,-0.0208,-0.0354,0.0372,-0.0186,-0.0098,-0.0107,-0.0252,-0.0047,0.0586,0.0181,-0.0187,0.001
2021/12/06,-0.0638,-0.0318,0.0064,-0.0168,-0.0507,0.0237,-0.0157,-0.0086,-0.008,-0.0267,0.019,0.0614,0.0215,-0.0212,0.001
2021/12/07,-0.0504,-0.0333,0.0188,-0.0087,-0.0467,0.0109,-0.0191,-0.0078,-0.0056,-0.0219,0.0407,0.0455,0.0171,-0.0182,0.0009
2021/12/08,-0.0379,0.0023,0.0419,0.0174,-0.0464,0.0286,-0.0101,-0.0077,0,-0.0049,0.0631,0.0322,0.0063,-0.0076,0.0011
2021/12/09,-0.0175,0.0232,0.0455,0.0216,-0.0312,0.0504,-0.0116,-0.0059,0,-0.0021,0.0719,0.0114,0.0014,-0.0026,0.0011
2021/12/10,-0.0275,-0.0072,0.0387,0.0021,-0.058,0.0256,-0.0129,-0.0052,-0.004,-0.0197,0.0521,0.0229,0.0077,-0.0087,0.0011
2021/12/13,-0.0289,-0.0076,0.0586,0.0138,-0.0551,0.0449,-0.0099,-0.0052,-0.004,-0.005,0.0602,0.023,0.0014,-0.0036,0.0012
2021/12/14,-0.0405,-0.0187,0.0468,0.0014,-0.072,0.0428,-0.0058,-0.0044,0,-0.0049,0.0275,0.0372,0.0072,-0.0107,0.0013
2021/12/15,-0.0416,-0.0231,0.0457,-0.0018,-0.0605,0.0567,-0.0086,-0.006,-0.0036,-0.0205,0.0107,0.0386,0.0116,-0.0107,0.0012
2021/12/16,-0.0276,-0.0146,0.057,0.0195,-0.0374,0.0619,-0.0063,-0.005,-0.0056,-0.0025,0.0135,0.0216,0.0087,-0.0092,0.0013
2021/12/17,-0.0276,-0.0407,0.0425,0.0042,-0.0574,0.0467,-0.0041,-0.004,-0.0068,0.0222,0.018,0.0243,0.0043,-0.0046,0.0011
2021/12/20,-0.0456,-0.0439,0.0196,-0.0218,-0.0832,0.0317,-0.0004,-0.0039,-0.004,0.0201,-0.0331,0.046,0.013,-0.0123,0.0013
2021/12/21,-0.0382,-0.0349,0.029,-0.0011,-0.0604,0.0407,0.0009,-0.0037,-0.004,0.013,-0.012,0.0358,0.0139,-0.0139,0.0013
2021/12/22,-0.0331,-0.0371,0.0389,0.0035,-0.0617,0.0402,-0.0028,-0.0034,-0.0048,0.0109,0.012,0.0307,0.0139,-0.0133,0.0014
2021/12/23,-0.0268,-0.0276,0.0685,0.013,-0.0295,0.0432,-0.0063,-0.0044,-0.0028,0.0218,0.0284,0.0217,0.0082,-0.0098,0.0014
2021/12/24,-0.0186,-0.0269,0.0659,0.0231,-0.0499,0.0355,-0.001,-0.0038,-0.0032,0.0274,0.0074,0.014,0.0077,-0.0092,0.0014
2021/12/27,-0.0276,-0.0085,0.0576,0.0147,-0.0476,0.0272,0.001,-0.002,-0.0016,0.0282,-0.0115,0.0217,0.0087,-0.0087,0.0014
2021/12/28,-0.0067,0.0533,0.0816,0.0332,-0.0393,0.03,0.0086,-0.0014,-0.0008,0.0386,0.0085,0.0038,0.0014,-0.0031,0.0013
2021/12/29,0.0043,0.0423,0.0976,0.0583,-0.0266,0.0298,0.0079,-0.001,0.0072,0.0374,0.0453,-0.01,0.0033,-0.0041,0.0016
2021/12/30,-0.006,0.0323,0.0925,0.0414,-0.0239,0.03,0.0024,-0.0016,0.0044,0.0372,0.039,0.0013,0.0033,-0.0062,0.0016
2022/01/03,0.0154,0.0522,0.1212,0.0804,0.0072,0.048,-0.0013,-0.0013,0.0032,0.0379,0.0303,-0.0208,0.0033,-0.0031,0.0016
2022/01/04,0.0147,0.0401,0.1257,0.0951,0.0212,0.0446,-0.0016,-0.0018,0.0032,0.0257,0.0332,-0.0208,0.0048,-0.0047,0.0017
2022/01/05,0.0153,0.0305,0.1135,0.0894,0.0529,0.0539,-0.0043,-0.0023,0.004,0.0315,0.0098,-0.0193,0.0057,-0.0068,0.0016
2022/01/06,0.0209,0.0245,0.0864,0.0677,0.0375,0.0415,-0.0034,-0.0022,0.0056,0.0266,-0.0136,-0.0262,0.0047,-0.0068,0.0016
2022/01/07,0.0167,0.0105,0.0734,0.0696,0.0266,0.032,-0.0032,-0.0027,0.0048,0.0138,0.0577,-0.023,0.0076,-0.0078,0.0017
2022/01/10,0.0112,-0.0064,0.0649,0.0572,0.013,0.002,-0.0057,-0.0042,0.0048,0.0164,0.0123,-0.0157,0.0033,-0.0042,0.0016
2022/01/11,0.0141,-0.0095,0.0619,0.0442,0.006,-0.0093,-0.0059,-0.0034,0.002,0.0265,0.0095,-0.0181,0,0.0005,0.0015
2022/01/12,0.0488,0.0293,0.0903,0.0736,0.0186,0.0091,0.0058,-0.0007,0.0012,0.031,0.0242,-0.0523,-0.0085,0.0073,0.0015
2022/01/13,0.033,0.0053,0.0882,0.0707,0.0092,-0.0253,0.0054,0.0012,0.006,0.0331,0.0391,-0.036,-0.0057,0.0042,0.0016
2022/01/14,0.0043,-0.0436,0.0662,0.0458,-0.0136,-0.0236,-0.0066,-0.0012,0.0076,0.0165,0.0308,-0.0097,0.001,-0.0016,0.0008
2022/01/17,-0.0131,-0.0534,0.0479,0.03,-0.0228,-0.0127,-0.0126,-0.0034,0.0004,0.0132,0.0423,0.0098,0.0081,-0.0077,0.0011
2022/01/18,-0.0176,-0.0663,0.0438,0.036,-0.0252,-0.0014,-0.0089,-0.0014,0.002,0.0272,0.0404,0.0122,0.0014,-0.0036,0.0012
2022/01/19,-0.0329,-0.0919,0.0153,0.0184,-0.055,-0.016,-0.0083,-0.0003,-0.0036,0.0166,0.0577,0.0297,0.0096,-0.0103,0.0013
2022/01/20,-0.0229,-0.059,0.0107,0.0255,-0.0434,0.0019,-0.0094,-0.0015,0.0036,0.0341,0.0672,0.0184,0.0149,-0.0133,0.0015
2022/01/21,-0.0322,-0.064,-0.012,0.0233,-0.0433,-0.0061,-0.0078,-0.0031,0.0028,0.0286,0.0273,0.0282,0.0134,-0.0129,0.0014
2022/01/24,-0.044,-0.0907,-0.0231,0.0063,-0.0455,-0.0216,-0.0066,-0.0014,-0.0084,0.0265,0.0646,0.043,0.0149,-0.0139,0.0015
2022/01/25,-0.0721,-0.1086,-0.0389,-0.0217,-0.0491,-0.0222,-0.0076,-0.0018,-0.0048,0.023,0.0077,0.0741,0.0266,-0.024,0.0015
2022/01/26,-0.0836,-0.1437,-0.0437,-0.0192,-0.0706,-0.0268,-0.0051,-0.0003,-0.0028,0.0217,0.04,0.0873,0.0267,-0.0245,0.0013
2022/01/27,-0.1063,-0.1762,-0.0616,-0.0341,-0.1001,-0.0285,-0.0066,-0.0001,-0.0036,0.0103,0.053,0.1123,0.0275,-0.0251,0.0021
2022/01/28,-0.0798,-0.1401,-0.0431,-0.0118,-0.0697,-0.027,-0.0111,0.0006,-0.004,-0.0057,0.0791,0.0814,0.03,-0.0281,0.0022
2022/02/03,-0.0587,-0.1373,-0.0165,-0.0215,-0.076,-0.0257,-0.0033,0.0031,-0.0064,0.0121,0.0783,0.0559,0.0215,-0.0196,0.0024
2022/02/04,-0.0517,-0.1335,-0.0252,-0.0413,-0.0818,-0.018,-0.0122,0.0023,-0.0092,0.0175,0.1494,0.0502,0.0124,-0.0114,0.0024
2022/02/07,-0.0573,-0.1524,-0.0369,-0.0554,-0.0775,-0.0276,-0.0194,-0.0001,-0.0135,0.0049,0.1844,0.0561,0.0119,-0.0114,0.0025
2022/02/08,-0.0543,-0.1491,-0.041,-0.0496,-0.0688,-0.0392,-0.0296,-0.002,-0.0131,-0.0016,0.1297,0.0536,0.0134,-0.0103,0.0025
2022/02/09,-0.0436,-0.1375,-0.0312,-0.0399,-0.056,-0.0283,-0.0282,-0.0036,-0.0151,-0.0024,0.1091,0.0403,0.0154,-0.0139,0.0024
2022/02/10,-0.0253,-0.1348,-0.0174,-0.024,-0.0484,-0.0234,-0.027,-0.0034,-0.0119,0.0024,0.0859,0.0218,0.0129,-0.0108,0.0026
2022/02/11,-0.0343,-0.1704,-0.038,-0.0426,-0.0601,-0.0415,-0.0293,-0.0041,-0.0175,-0.0199,0.1179,0.0302,0.0153,-0.0139,0.0026
2022/02/14,-0.0572,-0.1972,-0.0486,-0.0629,-0.0832,-0.0579,-0.0242,-0.0032,-0.0191,-0.006,0.178,0.0562,0.0129,-0.0124,0.0025
2022/02/15,-0.0737,-0.228,-0.0598,-0.0759,-0.0978,-0.0457,-0.0293,-0.005,-0.0219,0.0091,0.1906,0.0754,0.0182,-0.0154,0.0025
2022/02/16,-0.0553,-0.1917,-0.0447,-0.0516,-0.0798,-0.0368,-0.0255,-0.002,-0.0223,-0.0095,0.1398,0.053,0.0154,-0.0134,0.0024
2022/02/17,-0.0371,-0.1905,-0.05,-0.0632,-0.0793,-0.0339,-0.0236,-0.0017,-0.0219,0.0088,0.1626,0.0328,0.0134,-0.0098,0.0026
2022/02/18,-0.0367,-0.1872,-0.0608,-0.0582,-0.0799,-0.0282,-0.0257,-0.0031,-0.0235,0.0107,0.1818,0.034,0.0134,-0.0129,0.0024
2022/02/21,-0.0431,-0.1938,-0.072,-0.0681,-0.0941,-0.0396,-0.0282,-0.0028,-0.0195,0.0115,0.1488,0.0403,0.0062,-0.0052,0.0024
2022/02/22,-0.0783,-0.2017,-0.0904,-0.0997,-0.1024,-0.0639,-0.0221,-0.0016,-0.0219,0.0324,0.2525,0.0813,0.0072,-0.0072,0.0025
2022/02/23,-0.0669,-0.1694,-0.073,-0.0706,-0.1124,-0.0493,-0.0213,-0.0006,-0.0227,0.0479,0.2325,0.067,0.0038,-0.0021,0.0027
2022/02/24,-0.0895,-0.2022,-0.1171,-0.1124,-0.1119,-0.0754,-0.0128,0.0006,-0.0192,0.0804,0.2453,0.0941,0.0134,-0.0114,0.0031
2022/02/25,-0.0724,-0.1626,-0.0953,-0.0906,-0.1069,-0.0536,-0.0213,-0.0017,-0.0172,0.0668,0.2236,0.0724,0.0105,-0.0099,0.0032
2022/02/28,-0.0479,-0.156,-0.0747,-0.0812,-0.078,-0.0475,-0.0281,-0.0025,-0.0084,0.0575,0.2955,0.0433,0.009,-0.0078,0.0032
2022/03/02,-0.0622,-0.1243,-0.0469,-0.0834,-0.0447,-0.0303,-0.0285,-0.0029,-0.0072,0.0887,0.6316,0.061,0.0255,-0.0231,0.003
2022/03/03,-0.0515,-0.1239,-0.0407,-0.0724,-0.0497,-0.05,-0.028,-0.0021,-0.0052,0.0856,0.6802,0.0504,0.0221,-0.0196,0.0032
2022/03/04,-0.0662,-0.1442,-0.0497,-0.111,-0.069,-0.0567,-0.0288,-0.0023,-0.0092,0.0914,0.61,0.0677,0.0298,-0.0273,0.0032
2022/03/07,-0.0963,-0.1553,-0.073,-0.1713,-0.1124,-0.0806,-0.0313,-0.0034,-0.0116,0.1125,0.8,0.1043,0.0412,-0.0381,0.0033
2022/03/08,-0.112,-0.1739,-0.1159,-0.2024,-0.1409,-0.1024,-0.0369,-0.004,-0.0255,0.1174,0.7374,0.1197,0.0525,-0.0478,0.0033
2022/03/10,-0.0913,-0.1464,-0.0842,-0.1029,-0.0987,-0.1206,-0.0367,-0.0053,-0.024,0.1237,0.5646,0.092,0.0422,-0.0376,0.0033
2022/03/11,-0.0947,-0.1481,-0.0848,-0.1271,-0.1179,-0.1198,-0.0343,-0.0044,-0.024,0.1233,0.533,0.097,0.0441,-0.0397,0.0035
2022/03/14,-0.0919,-0.1636,-0.0912,-0.1047,-0.1087,-0.1355,-0.0392,-0.0057,-0.0291,0.1056,0.5179,0.0941,0.0512,-0.0449,0.0034
2022/03/15,-0.1,-0.1672,-0.0982,-0.1056,-0.1071,-0.1757,-0.0409,-0.0046,-0.032,0.0916,0.4372,0.1052,0.0477,-0.045,0.0036
2022/03/16,-0.0918,-0.1472,-0.0922,-0.1003,-0.112,-0.1389,-0.042,-0.0048,-0.0341,0.0742,0.4246,0.0946,0.0435,-0.0418,0.0034
2022/03/17,-0.0804,-0.104,-0.0625,-0.0672,-0.07,-0.1239,-0.0365,-0.0045,-0.0288,0.0693,0.3959,0.0811,0.0283,-0.0268,0.0037
2022/03/18,-0.0784,-0.101,-0.0546,-0.0683,-0.0652,-0.1206,-0.0393,-0.0046,-0.0176,0.0726,0.5185,0.0774,0.0259,-0.0217,0.0037
2022/03/21,-0.0778,-0.1185,-0.0323,-0.0718,-0.0702,-0.118,-0.0444,-0.0058,-0.0263,0.0753,0.5982,0.0778,0.0199,-0.0182,0.0035
2022/03/22,-0.0743,-0.1144,-0.0398,-0.075,-0.0466,-0.116,-0.0481,-0.0089,-0.0288,0.0858,0.6464,0.072,0.0218,-0.0213,0.0035
2022/03/23,-0.0708,-0.1095,-0.0361,-0.0658,-0.0272,-0.1197,-0.0435,-0.0083,-0.0287,0.0631,0.5691,0.0699,0.0229,-0.0197,0.0033
2022/03/24,-0.0819,-0.1176,-0.0517,-0.0943,-0.0246,-0.1121,-0.0456,-0.0083,-0.0231,0.075,0.6501,0.0817,0.0262,-0.0254,0.0032
2022/03/25,-0.0856,-0.1166,-0.0398,-0.0946,-0.0211,-0.1275,-0.0459,-0.0093,-0.0235,0.0857,0.6135,0.0854,0.0267,-0.0249,0.0032
2022/03/28,-0.087,-0.1696,-0.0526,-0.0957,-0.0402,-0.1375,-0.0596,-0.0164,-0.0286,0.0695,0.5014,0.0854,0.0333,-0.0301,0.003
2022/03/29,-0.0803,-0.1357,-0.0419,-0.0901,-0.0271,-0.1341,-0.0565,-0.0153,-0.0341,0.0639,0.4392,0.0804,0.0271,-0.0259,0.0025
2022/03/30,-0.0713,-0.1328,-0.0307,-0.0659,-0.0305,-0.126,-0.0438,-0.0138,-0.025,0.0709,0.4451,0.0687,0.0171,-0.0146,0.0026
2022/03/31,-0.0685,-0.1279,-0.0351,-0.0741,-0.0326,-0.1236,-0.0512,-0.0136,-0.025,0.0713,0.4033,0.0649,0.0195,-0.0146,0.0027
2022/04/01,-0.0756,-0.1341,-0.0474,-0.0871,-0.0368,-0.1153,-0.0533,-0.0161,-0.0301,0.0779,0.363,0.0737,0.0219,-0.0182,0.0027
2022/04/04,-0.0728,-0.1158,-0.0494,-0.0979,-0.0501,-0.1067,-0.0538,-0.0168,-0.0281,0.0653,0.3911,0.0701,0.0156,-0.0156,0.0027
2022/04/05,-0.0603,-0.081,-0.0389,-0.0932,-0.0512,-0.1011,-0.0501,-0.0161,-0.0234,0.0628,0.4323,0.0555,0.0123,-0.012,0.0027
2022/04/06,-0.0605,-0.071,-0.03,-0.0945,-0.0396,-0.1076,-0.0447,-0.0178,-0.0203,0.0645,0.3964,0.0575,0.0151,-0.0126,0.0026
2022/04/07,-0.0844,-0.0866,-0.046,-0.117,-0.0529,-0.1157,-0.0465,-0.0153,-0.0239,0.0749,0.2943,0.0854,0.016,-0.0136,0.0027
2022/04/08,-0.0838,-0.0775,-0.0387,-0.1129,-0.0457,-0.1132,-0.0495,-0.0168,-0.0307,0.0786,0.2863,0.0854,0.0198,-0.0183,0.0026
2022/04/11,-0.0795,-0.0816,-0.0395,-0.1002,-0.0441,-0.1209,-0.0581,-0.0216,-0.0268,0.0733,0.2973,0.0787,0.0317,-0.0302,0.0026
2022/04/12,-0.1029,-0.115,-0.0663,-0.1272,-0.079,-0.1141,-0.0649,-0.0215,-0.0355,0.0748,0.2756,0.109,0.0385,-0.0353,0.0026
2022/04/13,-0.0811,-0.0824,-0.059,-0.1172,-0.051,-0.1005,-0.0654,-0.0209,-0.0342,0.0783,0.3048,0.0809,0.0324,-0.0306,0.0026
2022/04/14,-0.0719,-0.0675,-0.0429,-0.1053,-0.029,-0.0877,-0.053,-0.0171,-0.0338,0.0795,0.3299,0.0712,0.03,-0.029,0.0032
2022/04/15,-0.0829,-0.0732,-0.0566,-0.1115,-0.0319,-0.0894,-0.0582,-0.0169,-0.031,0.0779,0.3532,0.0847,0.0343,-0.0322,0.0035
2022/04/18,-0.0682,-0.0611,-0.0555,-0.1197,-0.0497,-0.1084,-0.0569,-0.0166,-0.0369,0.0955,0.3292,0.0677,0.0356,-0.0323,0.0031
2022/04/19,-0.0503,-0.0271,-0.0287,-0.0958,-0.0185,-0.107,-0.0587,-0.0164,-0.026,0.0899,0.3259,0.048,0.038,-0.0348,0.003
2022/04/20,-0.0567,-0.0606,-0.0219,-0.0993,-0.0197,-0.1341,-0.0536,-0.0167,-0.0318,0.0535,0.2704,0.0543,0.0356,-0.0343,0.003
2022/04/21,-0.0417,-0.0489,0.0067,-0.0815,0.0044,-0.147,-0.0535,-0.0151,-0.0322,0.0596,0.3123,0.0382,0.036,-0.0349,0.0032
2022/04/22,-0.0522,-0.0566,-0.0135,-0.0895,-0.0102,-0.1458,-0.0577,-0.0162,-0.0346,0.0616,0.2971,0.0501,0.0374,-0.0349,0.0033
2022/04/25,-0.0332,-0.0463,-0.0252,-0.0789,-0.0184,-0.1719,-0.0439,-0.0143,-0.0328,0.0382,0.2459,0.0287,0.042,-0.0397,0.0033
2022/04/26,-0.026,-0.0078,-0.0137,-0.0777,-0.0118,-0.1808,-0.0427,-0.013,-0.0328,0.0284,0.2295,0.0218,0.0434,-0.0408,0.0035
2022/04/27,-0.0047,0.0204,-0.0172,-0.0797,0.0136,-0.1436,-0.0372,-0.0114,-0.0336,0.0479,0.2552,0.0011,0.0508,-0.0482,0.0032
2022/04/28,-0.021,-0.0115,-0.0256,-0.0933,0.0085,-0.1327,-0.0401,-0.0136,-0.034,0.0429,0.2332,0.0171,0.0553,-0.0516,0.0033
2022/04/29,-0.0063,0.0115,-0.0149,-0.0867,0.0156,-0.1196,-0.0453,-0.0138,-0.0344,0.0644,0.2906,0.0023,0.0413,-0.0395,0.0034
2022/05/02,-0.01,-0.0008,-0.0423,-0.0969,0.0065,-0.131,-0.0552,-0.0165,-0.0344,0.0495,0.2637,0.0057,0.0488,-0.0463,0.0032
2022/05/03,-0.0219,-0.0055,-0.0799,-0.1117,-0.007,-0.1229,-0.06,-0.0182,-0.0436,0.0283,0.2688,0.0173,0.0497,-0.0468,0.0032
2022/05/04,-0.0322,-0.0198,-0.0747,-0.0942,-0.0089,-0.132,-0.06,-0.0195,-0.0329,0.0312,0.2178,0.0291,0.0572,-0.0538,0.0032
2022/05/06,-0.0456,-0.043,-0.0832,-0.1122,-0.0083,-0.16,-0.0571,-0.0188,-0.0426,0.0378,0.2752,0.0431,0.0629,-0.0574,0.0033
2022/05/09,-0.0597,-0.0672,-0.0967,-0.13,-0.0367,-0.1537,-0.0509,-0.0144,-0.0403,0.0244,0.295,0.0599,0.0652,-0.06,0.0034
2022/05/10,-0.0723,-0.0555,-0.1183,-0.1509,-0.0478,-0.1435,-0.0501,-0.0142,-0.0458,0.0137,0.2102,0.0746,0.0657,-0.0621,0.0031
2022/05/11,-0.0637,0.0004,-0.0971,-0.1279,-0.039,-0.1193,-0.0349,-0.0108,-0.0392,0.0089,0.2204,0.0657,0.0636,-0.0586,0.0032
2022/05/12,-0.0791,-0.044,-0.1187,-0.136,-0.0562,-0.1352,-0.0263,-0.0096,-0.0433,0.0146,0.2322,0.0821,0.0759,-0.0706,0.0033
2022/05/13,-0.0573,-0.0081,-0.1103,-0.1191,-0.0401,-0.1286,-0.0294,-0.0092,-0.0481,-0.0012,0.2642,0.0563,0.0702,-0.0664,0.0034
2022/05/16,-0.0594,-0.0319,-0.1027,-0.1077,-0.0299,-0.1364,-0.039,-0.0123,-0.0358,-0.028,0.2535,0.0597,0.0723,-0.0684,0.0032
2022/05/17,-0.0563,-0.0036,-0.0938,-0.0896,-0.0192,-0.1343,-0.0388,-0.0133,-0.0366,-0.0276,0.3017,0.0554,0.0661,-0.0631,0.003
2022/05/18,-0.051,0.004,-0.0718,-0.0884,-0.0117,-0.1351,-0.0419,-0.0132,-0.0424,-0.0439,0.2972,0.0493,0.0601,-0.0563,0.003
2022/05/19,-0.0646,-0.0148,-0.108,-0.1075,-0.0377,-0.1342,-0.0402,-0.0129,-0.0412,-0.0439,0.2727,0.0657,0.0686,-0.0636,0.0029
2022/05/20,-0.0479,0.0176,-0.1068,-0.1033,-0.0123,-0.1101,-0.0349,-0.0118,-0.044,-0.0255,0.2867,0.0446,0.0611,-0.0589,0.003
2022/05/23,-0.0348,0.0192,-0.0836,-0.0657,0.0232,-0.1133,-0.0365,-0.0126,-0.0403,-0.025,0.2693,0.0326,0.0587,-0.0562,0.0029
2022/05/24,-0.0272,0.0231,-0.0482,-0.0265,0.0286,-0.108,-0.0411,-0.0126,-0.0387,-0.0492,0.1894,0.0226,0.0537,-0.0498,0.0027
2022/05/25,-0.034,0.0016,-0.0692,-0.0483,0.0144,-0.1331,-0.0323,-0.0123,-0.0403,-0.0336,0.2359,0.0309,0.0527,-0.0498,0.0028
2022/05/26,-0.0372,-0.0024,-0.0669,-0.0536,0.0121,-0.1331,-0.0378,-0.0119,-0.037,-0.0394,0.237,0.0343,0.0546,-0.0514,0.0025
2022/05/27,-0.027,-0.0004,-0.0464,-0.0337,0.0193,-0.1353,-0.0351,-0.0124,-0.0325,-0.0352,0.2724,0.0229,0.0456,-0.043,0.0025
2022/05/30,-0.0217,0.0071,-0.0201,0.0034,0.0297,-0.129,-0.0362,-0.0123,-0.0255,-0.0268,0.2616,0.0173,0.0296,-0.0299,0.0026
2022/05/31,-0.0178,0.0142,-0.0289,0.0042,0.0309,-0.1193,-0.0455,-0.0146,-0.0243,-0.0334,0.2941,0.0138,0.0296,-0.0289,0.0026
2022/06/02,-0.0245,-0.0144,-0.0483,0.0109,0.0425,-0.1178,-0.0579,-0.0163,-0.0235,-0.0486,0.1163,0.0218,0.0394,-0.0379,0.0026
2022/06/03,-0.0374,-0.0383,-0.0458,0.0126,0.046,-0.0962,-0.0536,-0.0161,-0.0299,-0.0346,0.0863,0.0351,0.0315,-0.0315,0.0025
2022/06/07,-0.0185,-0.0238,-0.0387,0.1216,0.1078,-0.0595,-0.0594,-0.0177,-0.026,-0.0769,0.0025,0.0124,0.0253,-0.023,0.0023
2022/06/08,-0.0034,-0.0163,0.0017,0.1301,0.1449,-0.0467,-0.0526,-0.0174,-0.0217,-0.0806,0.0359,0,0.0142,-0.0146,0.0023
2022/06/09,-0.0064,-0.0072,-0.0086,0.1082,0.1477,-0.0573,-0.0551,-0.0161,-0.0196,-0.0806,0.0521,0.0011,0.0155,-0.0167,0.0026
2022/06/10,-0.0365,-0.0423,-0.0549,-0.0027,0.0778,-0.0249,-0.0549,-0.017,-0.0233,-0.0785,0.1756,0.0376,0.0313,-0.0321,0.0027
2022/06/13,-0.0671,-0.0837,-0.102,-0.0229,0.0756,-0.0391,-0.0674,-0.0214,-0.0381,-0.067,0.1704,0.068,0.0436,-0.0418,0.0022
2022/06/14,-0.0691,-0.0564,-0.103,-0.0377,0.0592,-0.0211,-0.0667,-0.0236,-0.0521,-0.0794,0.2059,0.069,0.0355,-0.0373,0.0021
2022/06/15,-0.0777,-0.0835,-0.1011,-0.0395,0.0359,0.0734,-0.0751,-0.0256,-0.05,-0.0632,0.2663,0.0795,0.0387,-0.0379,0.0017
2022/06/16,-0.0918,-0.1023,-0.1199,-0.0586,0.0235,0.0156,-0.0715,-0.0272,-0.0365,-0.0498,0.2253,0.0967,0.0417,-0.0399,0.0012
2022/06/17,-0.112,-0.1349,-0.1533,-0.1047,-0.0265,0.0211,-0.0806,-0.0301,-0.0499,-0.0479,0.2593,0.1212,0.0601,-0.0567,0.001
2022/06/20,-0.1282,-0.1611,-0.1616,-0.1094,-0.0363,0.0286,-0.0767,-0.0299,-0.0583,-0.0539,0.0944,0.1425,0.0649,-0.0648,0.0009
2022/06/21,-0.1142,-0.1371,-0.1624,-0.0906,-0.0154,0.0244,-0.0764,-0.028,-0.0521,-0.0516,0.0933,0.1226,0.0642,-0.062,0.0011
2022/06/22,-0.1443,-0.1736,-0.1654,-0.0985,-0.0374,0.0206,-0.0631,-0.0235,-0.0473,-0.0641,-0.0162,0.1632,0.0641,-0.0616,0.0012
2022/06/23,-0.1586,-0.21,-0.1698,-0.1193,-0.0651,0.0328,-0.0613,-0.0233,-0.0534,-0.0509,0.0074,0.1809,0.0717,-0.0687,0.0013
2022/06/24,-0.1369,-0.1579,-0.1453,-0.0908,-0.056,0.0477,-0.0556,-0.0215,-0.0567,-0.0667,-0.0364,0.151,0.0664,-0.0622,0.0014
2022/06/27,-0.1223,-0.1426,-0.1361,-0.0727,-0.0453,0.0685,-0.0607,-0.0226,-0.0555,-0.0691,0.0082,0.1319,0.0552,-0.0531,0.0013
2022/06/28,-0.1161,-0.1404,-0.1343,-0.0722,-0.0257,0.0857,-0.0439,-0.0159,-0.052,-0.0619,0.0709,0.1238,0.0466,-0.0444,0.0015
2022/06/29,-0.1354,-0.1774,-0.1654,-0.089,-0.0468,0.0861,-0.0487,-0.0181,-0.0529,-0.0589,0.1205,0.1488,0.0644,-0.0617,0.0017
2022/06/30,-0.1527,-0.1949,-0.1846,-0.1238,-0.0529,0.087,-0.0546,-0.0186,-0.0683,-0.0623,0.0924,0.1741,0.0739,-0.0686,0.0016
2022/07/01,-0.1575,-0.2099,-0.1746,-0.1094,-0.0653,0.0715,-0.0323,-0.0143,-0.0658,-0.078,0.1112,0.1791,0.0684,-0.0641,0.0013
2022/07/04,-0.1612,-0.2188,-0.1633,-0.1067,-0.0582,0.0653,-0.0272,-0.0116,-0.0697,-0.0632,0.1345,0.186,0.0699,-0.0651,0.0011
2022/07/05,-0.1471,-0.1879,-0.1616,-0.1036,-0.0494,0.0583,-0.0176,-0.0112,-0.0735,-0.069,0.0955,0.1659,0.0733,-0.0683,0.0014
2022/07/06,-0.1578,-0.1865,-0.1581,-0.122,-0.0473,0.0558,-0.0059,-0.0043,-0.071,-0.0865,0.0227,0.1803,0.0738,-0.0701,0.0014
2022/07/07,-0.1294,-0.1611,-0.14,-0.0795,-0.0149,0.0678,-0.0059,-0.007,-0.0661,-0.099,0.0525,0.1403,0.0668,-0.0648,0.0013
2022/07/08,-0.1252,-0.1606,-0.1399,-0.0799,-0.019,0.0643,-0.0093,-0.0064,-0.0559,-0.1036,0.0973,0.1334,0.0633,-0.0603,0.001
2022/07/11,-0.1301,-0.1368,-0.1355,-0.0888,-0.0025,0.063,0.0011,-0.0021,-0.0488,-0.111,0.1063,0.1414,0.0573,-0.0559,0.0012
2022/07/12,-0.1302,-0.1469,-0.1293,-0.0805,-0.0046,0.0531,0.0044,-0.0024,-0.041,-0.1237,0.0823,0.1412,0.0627,-0.0609,0.0012
2022/07/13,-0.142,-0.1417,-0.1367,-0.0863,-0.0174,0.045,0.0076,-0.0034,-0.0494,-0.131,-0.0099,0.1567,0.0669,-0.0637,0.0003
2022/07/14,-0.1402,-0.1409,-0.1511,-0.0952,-0.0223,0.0434,0.0003,-0.0068,-0.0526,-0.1326,-0.0225,0.1535,0.0721,-0.0673,0.0014
2022/07/15,-0.1247,-0.1372,-0.1369,-0.0928,-0.0134,0.0453,0.0099,-0.0063,-0.0627,-0.1411,-0.0432,0.1335,0.0796,-0.075,0.001
2022/07/18,-0.106,-0.1197,-0.1133,-0.067,0.013,0.0504,0.0145,-0.0032,-0.0458,-0.146,-0.0377,0.1099,0.0697,-0.0661,0.001
2022/07/19,-0.1193,-0.1334,-0.1299,-0.079,0.0014,0.053,0.0139,-0.0064,-0.0484,-0.1422,-0.0131,0.126,0.0636,-0.0614,0.0009
2022/07/20,-0.112,-0.1145,-0.1107,-0.0467,0.0201,0.0685,0.0025,-0.0072,-0.0473,-0.1272,0.0243,0.1167,0.0637,-0.0603,0.0008
2022/07/21,-0.1063,-0.1072,-0.1159,-0.0703,0.0085,0.0884,-0.0002,-0.0077,-0.0341,-0.1417,0.0164,0.1092,0.0585,-0.0561,0.0009
2022/07/22,-0.102,-0.1104,-0.0937,-0.0634,0.0201,0.0769,0.0101,-0.0047,-0.0371,-0.1277,0.0146,0.1045,0.0607,-0.0588,0.0011
2022/07/25,-0.0838,-0.0796,-0.0689,-0.0428,0.0418,0.1229,0.0056,-0.0057,-0.0302,-0.1061,0.0193,0.0816,0.0525,-0.0507,0.001
2022/07/26,-0.0844,-0.0965,-0.0802,-0.0444,0.038,0.1458,0.0072,-0.0067,-0.0302,-0.1017,0.0575,0.0819,0.0484,-0.0474,0.0011
2022/07/27,-0.0732,-0.0753,-0.0597,-0.0325,0.0498,0.1118,0.0086,-0.007,-0.0252,-0.1019,-0.0039,0.0698,0.0394,-0.0391,0.0008
2022/07/28,-0.0763,-0.0713,-0.0514,-0.0225,0.0273,0.098,0.0046,-0.0044,-0.0261,-0.0787,0.0436,0.0751,0.0227,-0.0238,0.0009
2022/07/29,-0.086,-0.0849,-0.0425,-0.0193,0.0271,0.0647,0.0154,-0.0018,-0.0153,-0.0837,-0.0227,0.0853,0.0369,-0.0361,0.001
2022/08/01,-0.0864,-0.0841,-0.0395,-0.012,0.0341,0.0701,0.0122,-0.0035,-0.0083,-0.086,-0.0151,0.0865,0.0405,-0.0383,0.0011
2022/08/02,-0.0879,-0.0781,-0.015,-0.0051,0.0293,0.0675,0.0293,0.0001,-0.012,-0.0672,-0.0271,0.0884,0.0335,-0.0336,0.0014
2022/08/03,-0.0793,-0.071,-0.017,0.0008,0.0292,0.0524,0.0298,-0.0007,-0.0025,-0.0547,-0.0344,0.0781,0.0362,-0.0353,0.0014
2022/08/04,-0.0769,-0.045,-0.0097,0.0109,0.0333,0.0482,0.0334,0.0016,-0.0108,-0.0585,-0.0654,0.0747,0.0375,-0.0353,0.0015
2022/08/05,-0.0708,-0.034,-0.0069,0.0101,0.0403,0.0527,0.0346,0.0026,-0.0083,-0.0474,-0.0779,0.0657,0.0286,-0.027,0.0017
2022/08/08,-0.0594,-0.015,-0.0003,0.0278,0.0417,0.0883,0.0284,0.0002,0.0046,-0.0613,-0.1166,0.0547,0.0289,-0.0288,0.0017
2022/08/09,-0.0474,0.0174,0.0116,0.0454,0.0538,0.1009,0.0277,-0.001,0.0113,-0.0535,-0.1134,0.0421,0.0262,-0.025,0.0015
2022/08/10,-0.0536,-0.0004,0.0195,0.0462,0.06,0.0784,0.0232,-0.0026,0.0084,-0.0466,-0.0624,0.0496,0.0302,-0.0284,0.0017
2022/08/11,-0.0378,-0.0085,0.047,0.0551,0.0558,0.0805,0.0094,-0.0028,0.0173,-0.0367,-0.0408,0.0297,0.0239,-0.0244,0.0019
2022/08/12,-0.018,0.0332,0.0714,0.0613,0.1043,0.0957,-0.0038,-0.0053,0.0156,-0.0401,-0.0327,0.0097,0.0114,-0.0107,0.0018
2022/08/16,-0.0345,0.0021,0.0717,0.0396,0.0897,0.0789,0.017,-0.0007,0.0228,-0.0206,-0.1191,0.0287,0.0225,-0.0196,0.0019
2022/08/17,-0.0486,-0.0222,0.0668,0.0365,0.098,0.0872,0.0139,-0.001,0.0186,-0.0341,-0.1616,0.0435,0.0279,-0.0267,0.0021
2022/08/18,-0.054,-0.0403,0.0433,0.0117,0.0834,0.0859,0.0156,-0.0005,0.0256,-0.034,-0.1474,0.0492,0.0442,-0.0414,0.0024
2022/08/19,-0.0458,-0.0386,0.0871,0.0342,0.1121,0.0813,0.0063,-0.004,0.0238,-0.0381,-0.1126,0.0396,0.0407,-0.0395,0.0024
2022/08/22,-0.0747,-0.0877,0.0698,0.0127,0.0761,0.0648,-0.0022,-0.0053,0.0209,-0.0631,-0.1295,0.0753,0.0593,-0.0537,0.0022
2022/08/23,-0.0893,-0.1121,0.0403,-0.0157,0.0535,0.0683,-0.0017,-0.0059,0.0076,-0.0709,-0.1191,0.0912,0.0676,-0.0623,0.0023
2022/08/24,-0.0684,-0.0721,0.047,-0.0063,0.0632,0.0613,-0.0117,-0.0068,0.0081,-0.0642,-0.0755,0.0675,0.0643,-0.0585,0.0021
2022/08/25,-0.0614,-0.0651,0.0532,0.0047,0.0687,0.0689,-0.0276,-0.011,0.0089,-0.0596,-0.078,0.0577,0.0581,-0.0541,0.0016
2022/08/26,-0.0577,-0.0733,0.0543,0.0143,0.0771,0.0724,-0.0244,-0.0111,0.0101,-0.0543,-0.0931,0.0542,0.0535,-0.0498,0.0019
2022/08/29,-0.09,-0.1082,-0.0102,-0.0442,0.0429,0.0696,-0.033,-0.0138,-0.0029,-0.0782,-0.1166,0.0906,0.0774,-0.0707,0.0018
2022/08/30,-0.0919,-0.0946,-0.0389,-0.0605,0.0358,0.0642,-0.0328,-0.0144,-0.0154,-0.0762,-0.1011,0.0941,0.0914,-0.0822,0.002
2022/08/31,-0.0886,-0.0904,-0.0386,-0.0608,0.0313,0.0545,-0.0282,-0.0142,-0.022,-0.0763,-0.1637,0.0899,0.085,-0.0762,0.002
2022/09/01,-0.1092,-0.1157,-0.058,-0.0862,0.0097,0.054,-0.0309,-0.0146,-0.0327,-0.0864,-0.1947,0.1172,0.0973,-0.087,0.0021
2022/09/02,-0.1045,-0.1052,-0.0357,-0.0715,0.0088,0.0387,-0.019,-0.0125,-0.0315,-0.0873,-0.1637,0.1102,0.0912,-0.0825,0.0021
2022/09/05,-0.1094,-0.1179,-0.0612,-0.0955,-0.0003,0.0225,-0.0146,-0.0098,-0.0262,-0.0908,-0.1778,0.1154,0.1088,-0.0976,0.0021
2022/09/06,-0.1094,-0.1108,-0.0592,-0.0944,0.0005,0.0313,-0.0177,-0.0112,-0.03,-0.0865,-0.1761,0.1154,0.1084,-0.097,0.0023
2022/09/07,-0.1057,-0.1024,-0.0502,-0.096,-0.0192,0.0251,-0.0098,-0.0082,-0.0304,-0.0841,-0.2275,0.1122,0.1051,-0.0938,0.003
2022/09/08,-0.1059,-0.0834,-0.0406,-0.0707,-0.0032,0.0173,-0.0059,-0.0068,-0.0188,-0.0764,-0.258,0.1102,0.1046,-0.0925,0.003
2022/09/13,-0.0311,-0.0119,0.077,0.0414,0.0652,0.0345,0.0075,-0.0025,0.0128,-0.0829,-0.2025,0.0255,0.0739,-0.0678,0.0032
2022/09/14,-0.0464,-0.0458,0.036,0.0086,0.0462,0.0263,0.0085,-0.0006,0.0177,-0.0765,-0.226,0.0423,0.0858,-0.0753,0.0033
2022/09/15,-0.0346,-0.0279,0.051,0.0189,0.0658,-0.0248,0.008,0.0001,0.0178,-0.079,-0.2012,0.029,0.0859,-0.076,0.0036
2022/09/16,-0.0408,-0.0514,0.027,-0.002,0.0488,-0.0354,0.005,-0.0005,0.003,-0.1004,-0.2119,0.0373,0.0853,-0.078,0.0041
2022/09/19,-0.0405,-0.0622,0.0435,0.0172,0.0679,-0.0515,0.0076,0.0017,0.0104,-0.1059,-0.2244,0.036,0.0874,-0.078,0.0042
2022/09/20,-0.0215,-0.0268,0.0589,0.0249,0.0794,-0.0637,0.0049,0.0006,0.0065,-0.0986,-0.1724,0.0162,0.0824,-0.0732,0.0044
2022/09/21,-0.0361,-0.0506,0.034,-0.0021,0.0523,-0.06,-0.0015,-0.0015,0.0078,-0.0933,-0.1873,0.0337,0.0835,-0.0729,0.0042
2022/09/22,-0.0218,-0.017,0.0154,0.0038,0.045,-0.0666,-0.0158,-0.0066,0.0043,-0.0975,-0.1633,0.0179,0.0947,-0.0827,0.0039
2022/09/23,-0.0259,-0.0114,-0.0018,-0.0034,0.0421,-0.0749,-0.027,-0.0093,0.0026,-0.0931,-0.1648,0.0227,0.0874,-0.0784,0.0035
2022/09/26,-0.0694,-0.1068,-0.0433,-0.042,0.0057,-0.0897,-0.0458,-0.0154,-0.0074,-0.1083,-0.2219,0.0716,0.1075,-0.0941,0.0031
2022/09/27,-0.0794,-0.1078,-0.0574,-0.0412,-0.0037,-0.0909,-0.0331,-0.0108,-0.0078,-0.116,-0.2349,0.0828,0.1117,-0.0993,0.0031
2022/09/28,-0.1089,-0.1254,-0.0748,-0.0742,-0.0258,-0.1054,-0.041,-0.0132,-0.0212,-0.1202,-0.2666,0.1164,0.1273,-0.112,0.0031
2022/09/29,-0.0934,-0.0983,-0.0367,-0.0636,-0.0082,-0.1049,-0.0383,-0.0125,-0.0052,-0.1043,-0.2333,0.0972,0.1137,-0.0998,0.0033
2022/09/30,-0.0822,-0.0901,-0.0361,-0.0436,-0.0143,-0.1092,-0.0303,-0.0108,-0.0026,-0.089,-0.222,0.0836,0.1075,-0.0947,0.0038
2022/10/04,-0.0506,-0.0272,-0.0272,-0.0238,0.0452,-0.1113,-0.0352,-0.0093,0.0101,-0.0658,-0.1912,0.0483,0.1024,-0.0917,0.0045
2022/10/05,-0.0653,-0.0936,-0.0203,-0.0042,0.037,-0.0857,-0.0469,-0.0109,0.0136,-0.054,-0.1752,0.0651,0.0896,-0.0812,0.0045
2022/10/06,-0.033,-0.0493,-0.0087,0.0365,0.0636,-0.0711,-0.0581,-0.0149,0.0114,-0.0308,-0.0783,0.0304,0.0778,-0.0696,0.005
2022/10/07,-0.0556,-0.0908,-0.0364,-0.0163,0.0346,-0.1001,-0.0656,-0.0166,0.0184,-0.0261,-0.0616,0.056,0.0926,-0.0807,0.0049
2022/10/11,-0.0747,-0.1305,-0.0722,-0.0252,0.0088,-0.1049,-0.0657,-0.0175,0.0013,-0.0468,-0.0716,0.0779,0.1076,-0.0933,0.0051
2022/10/12,-0.0578,-0.1022,-0.0594,-0.0182,0.0185,-0.1093,-0.0528,-0.0135,-0.0069,-0.0384,-0.0751,0.0584,0.0909,-0.0803,0.0047
2022/10/13,-0.0777,-0.1459,-0.0684,-0.0391,0.0006,-0.1042,-0.067,-0.0172,-0.0048,-0.0385,-0.0512,0.0827,0.0994,-0.0869,0.0057
2022/10/14,-0.0518,-0.1049,-0.027,0.0004,0.0282,-0.0899,-0.0631,-0.0153,-0.0022,-0.0368,-0.031,0.0516,0.0949,-0.0836,0.0049
2022/10/17,-0.0569,-0.106,-0.0502,-0.0064,0.0167,-0.0872,-0.0671,-0.0171,-0.0018,-0.0372,-0.0562,0.0569,0.0887,-0.0771,0.005
2022/10/18,-0.0654,-0.0948,-0.0391,-0.0004,0.0156,-0.0932,-0.0717,-0.0174,-0.0017,-0.0392,-0.0783,0.0663,0.0849,-0.0748,0.0049
2022/10/19,-0.0699,-0.114,-0.0309,0.0079,0.0199,-0.1079,-0.0795,-0.0185,-0.0069,-0.0442,-0.1364,0.0722,0.0912,-0.0809,0.0049
2022/10/20,-0.0858,-0.1458,-0.0704,-0.0329,-0.0191,-0.1082,-0.0735,-0.0182,-0.0026,-0.0504,-0.1053,0.0891,0.0978,-0.086,0.0049
2022/10/21,-0.0938,-0.1495,-0.0813,-0.0356,-0.0237,-0.1054,-0.091,-0.0217,-0.0153,-0.046,-0.1175,0.1005,0.1071,-0.0932,0.0044
2022/10/24,-0.0796,-0.1118,-0.0578,-0.0198,-0.0156,-0.1244,-0.0831,-0.0215,-0.0086,-0.0435,-0.1076,0.0823,0.102,-0.0895,0.004
2022/10/25,-0.0818,-0.1175,-0.0395,0.0004,-0.0071,-0.1366,-0.0829,-0.0202,-0.0119,-0.0485,-0.0659,0.0847,0.0972,-0.0855,0.0039
2022/10/26,-0.0788,-0.1237,-0.0367,0.0016,0.0022,-0.1336,-0.0749,-0.0208,-0.0081,-0.0412,-0.1097,0.082,0.0945,-0.084,0.0038
2022/10/27,-0.0631,-0.1078,-0.0293,0.0101,0.0005,-0.1289,-0.0801,-0.019,-0.0072,-0.0382,-0.053,0.0611,0.0852,-0.0768,0.0039
2022/10/28,-0.0811,-0.1246,-0.0612,-0.0151,-0.0088,-0.1449,-0.0692,-0.0209,-0.0026,-0.0528,-0.0825,0.0824,0.0987,-0.0869,0.0036
2022/10/31,-0.0715,-0.1198,-0.0532,-0.0169,0.0035,-0.1477,-0.0801,-0.0244,-0.0135,-0.0774,-0.0726,0.0713,0.1003,-0.0886,0.0035
2022/11/01,-0.0569,-0.1171,-0.0549,-0.0125,-0.0003,-0.1376,-0.0707,-0.0211,-0.0247,-0.0742,-0.0711,0.0545,0.0909,-0.082,0.0034
2022/11/02,-0.0535,-0.1199,-0.0605,-0.002,0.0104,-0.1053,-0.0757,-0.0221,-0.0134,-0.0754,-0.0228,0.051,0.0922,-0.0805,0.0033
2022/11/03,-0.0654,-0.1453,-0.0851,-0.0275,0.0123,-0.1114,-0.0762,-0.023,-0.0164,-0.0824,-0.0287,0.0651,0.0918,-0.0824,0.0032
2022/11/04,-0.0619,-0.1651,-0.103,-0.037,-0.0146,-0.0763,-0.0732,-0.0224,-0.0273,-0.0761,0.0206,0.0601,0.0879,-0.0789,0.0031
2022/11/07,-0.0581,-0.1665,-0.0973,-0.0104,-0.0164,-0.0878,-0.0803,-0.0251,-0.0218,-0.0723,0.0469,0.0574,0.0839,-0.0766,0.0029
2022/11/08,-0.0428,-0.1426,-0.0859,-0.0004,0.0016,-0.1038,-0.0752,-0.0222,-0.0322,-0.0657,0.0437,0.0392,0.0635,-0.0599,0.0029
2022/11/09,-0.0364,-0.1522,-0.0808,0.0039,-0.0016,-0.126,-0.0713,-0.022,-0.037,-0.0498,0.0103,0.0319,0.051,-0.0484,0.0029
2022/11/10,-0.0371,-0.1456,-0.0903,0.0086,-0.0019,-0.1216,-0.0619,-0.0195,-0.0288,-0.0514,-0.0135,0.0304,0.0547,-0.0498,0.0031
2022/11/11,-0.0149,-0.1112,-0.0607,0.0365,0.0273,-0.1282,-0.0435,-0.0168,-0.0252,-0.023,-0.0101,0.0075,0.0165,-0.0165,0.0034
2022/11/14,-0.0248,-0.1183,-0.0623,0.0385,-0.0072,-0.1125,-0.042,-0.0167,-0.0191,-0.0238,-0.0288,0.0193,0.0238,-0.0216,0.0033
2022/11/15,-0.0221,-0.0915,-0.0619,0.0455,-0.0093,-0.1032,-0.0378,-0.0149,-0.0154,-0.0188,-0.0586,0.0172,0.0169,-0.0154,0.0034
2022/11/16,-0.0264,-0.1018,-0.0743,0.0327,-0.0189,-0.0924,-0.0523,-0.0193,-0.0305,-0.0109,0.001,0.0193,0.0177,-0.0171,0.0035
2022/11/17,-0.0343,-0.1025,-0.083,0.0193,-0.0357,-0.1094,-0.0435,-0.0186,-0.0249,-0.0151,-0.0042,0.0278,0.0276,-0.0223,0.0035
2022/11/18,-0.0328,-0.1096,-0.0813,0.0435,-0.0284,-0.1084,-0.0401,-0.0185,-0.0191,-0.0072,-0.0348,0.0277,0.0197,-0.0202,0.0033
2022/11/21,-0.0347,-0.1145,-0.0794,0.0465,-0.0261,-0.1116,-0.0294,-0.0159,-0.0175,-0.0132,-0.0805,0.0286,0.0281,-0.0249,0.0036
2022/11/22,-0.029,-0.1069,-0.0665,0.066,-0.0071,-0.1195,-0.0269,-0.0158,-0.0167,-0.009,-0.0728,0.024,0.0173,-0.0158,0.0038
2022/11/23,-0.01,-0.0613,-0.0351,0.093,0.0043,-0.1172,-0.0261,-0.016,0,-0.0069,-0.0823,0.0031,0.0092,-0.01,0.0039
2022/11/24,-0.0048,-0.0613,-0.0283,0.0903,0.0131,-0.1155,-0.0092,-0.0125,0.0017,-0.0026,-0.1476,-0.001,-0.0067,0.0047,0.0046
2022/11/25,-0.0203,-0.0934,-0.0403,0.0784,0.0005,-0.1137,0.0041,-0.0083,0.0008,-0.0094,-0.1516,0.0147,-0.0025,0.0029,0.0052
2022/11/28,-0.0329,-0.1049,-0.0522,0.0706,-0.0005,-0.1346,0.0075,-0.0087,-0.0029,-0.0115,-0.1807,0.0283,0.0123,-0.0116,0.0053
2022/11/29,0.0023,-0.0535,-0.0175,0.1116,0.0184,-0.0959,0.0083,-0.007,-0.0004,0.01,-0.1399,-0.0062,-0.0113,0.0112,0.0054
2022/11/30,0.0063,-0.0832,-0.0267,0.1047,0.0038,-0.1031,0.0094,-0.0066,-0.0008,0.0035,-0.1649,-0.0093,-0.0151,0.0189,0.0053
2022/12/01,0.0279,-0.0428,0.033,0.1572,0.0387,-0.0863,0.0154,-0.0035,0.0176,0.0378,-0.0747,-0.0326,-0.035,0.0361,0.0056
2022/12/02,0.0106,-0.0665,0.0192,0.1479,0.0161,-0.0903,0.018,-0.0025,0.027,0.0511,-0.0586,-0.0152,-0.0405,0.0435,0.0059
2022/12/05,0.0074,-0.0426,0.0251,0.1566,0.018,-0.0664,0.0144,-0.0049,0.0244,0.0473,-0.0696,-0.0112,-0.0534,0.0577,0.0062
2022/12/06,-0.0054,-0.0694,0.0062,0.1489,0.0197,-0.0535,0.0213,-0.0033,0.0219,0.0214,-0.1037,0.001,-0.0333,0.0378,0.0061
2022/12/07,0.0035,-0.0566,0.0017,0.1471,0.0229,-0.0669,0.0247,-0.0047,0.0155,0.0349,-0.1036,-0.008,-0.0411,0.0436,0.0056
2022/12/08,0.0016,-0.0808,-0.0228,0.1165,-0.0043,-0.0666,0.0137,-0.0055,0.0102,0.0287,-0.0967,-0.004,-0.0392,0.0416,0.0059
2022/12/09,0.0132,-0.0716,-0.0129,0.1251,0.0092,-0.0586,0.0153,-0.0059,0.0196,0.0344,-0.1089,-0.016,-0.0522,0.0567,0.006
2022/12/12,0.0069,-0.0813,-0.0231,0.1157,0.0067,-0.0643,0.0162,-0.0045,0.0209,0.0296,-0.11,-0.009,-0.0482,0.0519,0.0061
2022/12/13,-0.0246,-0.1053,-0.0406,0.082,-0.0111,-0.0903,0.0148,-0.0065,0.0055,0.0265,-0.1333,0.0228,-0.0467,0.0511,0.0059
2022/12/14,0.0062,-0.0525,0.0142,0.1225,0.0209,-0.0848,0.0223,-0.0034,0.0166,0.0555,-0.1229,-0.0071,-0.0616,0.0693,0.006
2022/12/15,-0.0049,-0.0619,0.004,0.1113,0.01,-0.0781,0.0341,-0.0015,0.0303,0.0529,-0.1165,0.002,-0.0614,0.0646,0.0063
2022/12/16,-0.0025,-0.0601,-0.0031,0.0993,0.0109,-0.0502,0.0371,0.0011,0.0296,0.0637,-0.0979,-0.001,-0.0559,0.0627,0.0063
2022/12/19,0.0048,-0.0413,-0.0095,0.0932,-0.0071,-0.0616,0.0362,0.0008,0.0258,0.0671,-0.0997,-0.006,-0.0598,0.0664,0.0065
2022/12/20,-0.0069,-0.0693,-0.0404,0.0803,-0.0308,-0.0899,0.0206,0.0009,0.0228,0.061,-0.0999,0.007,-0.0656,0.0717,0.0065
2022/12/21,-0.0001,-0.0561,-0.0133,0.1166,-0.0328,-0.0873,0.0299,0.0019,0.0223,0.0738,-0.0932,-0.002,-0.0742,0.0817,0.0064
2022/12/22,0.024,-0.0233,0.0201,0.1352,-0.0139,-0.0797,0.0446,0.0072,0.0275,0.0859,-0.0461,-0.0235,-0.0925,0.1031,0.007
2022/12/23,0.0188,-0.0336,0.01,0.1287,-0.0184,-0.0864,0.0494,0.0108,0.0338,0.0618,-0.0474,-0.0184,-0.0859,0.0967,0.0076
2022/12/26,0.046,0.0271,0.0409,0.1591,0.0097,-0.0824,0.0586,0.0159,0.0405,0.0889,0.0355,-0.0443,-0.105,0.1176,0.0079
2022/12/27,0.0514,0.0212,0.0377,0.1388,0.0077,-0.075,0.0533,0.0133,0.0353,0.094,0.0447,-0.0472,-0.1005,0.1165,0.0083
2022/12/28,0.0652,0.0281,0.046,0.1712,0.0173,-0.0785,0.0497,0.0147,0.0481,0.1065,0.0451,-0.059,-0.1137,0.1324,0.0086
2022/12/29,0.0457,0.0035,0.0161,0.1503,-0.0009,-0.0773,0.0455,0.0152,0.034,0.0905,-0.0158,-0.0415,-0.1158,0.1348,0.0087
2023/01/02,0.0442,0.0062,0.0406,0.1564,-0.0058,-0.0831,0.0296,0.0109,0.0363,0.1009,-0.0011,-0.0404,-0.1057,0.1202,0.0084
2023/01/03,0.0442,0.0108,0.0459,0.1713,0.023,-0.0718,0.0423,0.0156,0.0376,0.0955,0.0023,-0.0404,-0.1069,0.1234,0.0087
2023/01/04,0.0409,-0.0256,0.0216,0.157,-0.0405,-0.0699,0.04,0.0134,0.0278,0.0749,-0.0722,-0.0376,-0.1004,0.116,0.0086
2023/01/05,0.0491,-0.0106,0.0112,0.1536,-0.0404,-0.0685,0.0461,0.0161,0.0312,0.0649,-0.1238,-0.0433,-0.0942,0.1088,0.009
2023/01/06,0.0487,-0.0225,-0.0015,0.1465,-0.0467,-0.0637,0.0503,0.0165,0.0341,0.0571,-0.1343,-0.0437,-0.0891,0.1012,0.0088
2023/01/09,0.0811,0.019,0.0403,0.1941,-0.0304,-0.0423,0.0659,0.0212,0.0373,0.0873,-0.1333,-0.0739,-0.1134,0.1335,0.009
2023/01/10,0.0824,-0.0015,0.035,0.1963,-0.0274,-0.0378,0.0686,0.0222,0.0386,0.0838,-0.1375,-0.0748,-0.1138,0.1316,0.0092
2023/01/11,0.1069,0.0611,0.0804,0.2257,-0.0084,-0.0026,0.0793,0.0269,0.0414,0.1179,-0.1613,-0.0964,-0.1269,0.1488,0.0095
2023/01/12,0.1006,0.0554,0.089,0.2372,0.0042,-0.0031,0.0641,0.0242,0.0552,0.1154,-0.1192,-0.0907,-0.12,0.1409,0.0104
2023/01/13,0.1266,0.0723,0.1021,0.2605,0.0029,0.0123,0.0834,0.028,0.0609,0.1248,-0.0868,-0.1122,-0.1254,0.1484,0.0101
2023/01/16,0.1087,0.0325,0.0724,0.2314,-0.0377,0.0102,0.0744,0.029,0.06,0.1362,-0.0969,-0.0963,-0.128,0.1538,0.0103
2023/01/17,0.0991,0.0151,0.0929,0.2404,-0.0189,0.0007,0.0691,0.0301,0.0675,0.1451,-0.0659,-0.0878,-0.13,0.1544,0.0105
2023/01/18,0.0781,-0.0083,0.0586,0.2144,-0.0094,0.0072,0.0851,0.0304,0.0472,0.1375,-0.0456,-0.0699,-0.1229,0.1462,0.0106
2023/01/19,0.0937,0.0109,0.041,0.1955,-0.0237,0.021,0.1048,0.0375,0.0621,0.15,-0.0461,-0.0835,-0.1293,0.1555,0.0114
2023/01/20,0.1117,0.0371,0.0507,0.1931,-0.0028,0.0344,0.0999,0.0377,0.0532,0.171,-0.053,-0.0969,-0.1311,0.1561,0.0116
2023/01/25,0.1148,0.0327,0.0411,0.1764,0.011,0.1011,0.1016,0.0382,0.0514,0.1576,-0.0513,-0.099,-0.1337,0.1606,0.0122
2023/01/26,0.1226,0.0517,0.0443,0.1755,0.0049,0.102,0.0883,0.0391,0.04,0.1601,-0.0482,-0.1064,-0.1301,0.1561,0.0124
2023/01/27,0.112,0.0252,0.0421,0.1705,0.0038,0.1046,0.0871,0.038,0.0436,0.1451,-0.0684,-0.0967,-0.1242,0.1497,0.0126
2023/01/30,0.1087,0.0315,0.0618,0.1703,0.0177,0.1004,0.0829,0.039,0.041,0.1514,-0.0941,-0.0934,-0.1286,0.1556,0.0129
2023/01/31,0.0755,0.0224,0.0221,0.1556,-0.0022,0.1122,0.0824,0.0413,0.0393,0.155,-0.1086,-0.0646,-0.1271,0.1534,0.0129
2023/02/01,0.071,0.0402,0.0336,0.1506,-0.0054,0.0951,0.0826,0.0414,0.0407,0.1617,-0.0972,-0.0616,-0.1226,0.1483,0.013
2023/02/02,0.0844,0.0732,0.0598,0.1465,-0.0019,0.0603,0.0844,0.0441,0.0396,0.1705,-0.1372,-0.0733,-0.1331,0.1595,0.0136
2023/02/03,0.095,0.09,0.0937,0.189,-0.0048,0.0646,0.095,0.0486,0.0427,0.1608,-0.1465,-0.0818,-0.1287,0.1565,0.0137
2023/02/06,0.0608,0.0813,0.0937,0.1753,0.0209,0.0257,0.0799,0.0447,0.0527,0.1299,-0.1804,-0.0517,-0.1085,0.1311,0.0135
2023/02/07,0.0561,0.0962,0.0829,0.1461,0.0197,0.0426,0.0857,0.047,0.0445,0.109,-0.1713,-0.0472,-0.0954,0.1155,0.0138
2023/02/08,0.0573,0.0805,0.0847,0.1485,-0.0035,0.0544,0.081,0.0451,0.0444,0.1127,-0.1514,-0.0489,-0.08,0.0989,0.0138
2023/02/09,0.0436,0.0955,0.0721,0.1386,0.0093,0.0944,0.0724,0.0446,0.044,0.0881,-0.1175,-0.036,-0.0687,0.082,0.0139
2023/02/10,0.0541,0.0986,0.0761,0.1406,0.0155,0.0933,0.0648,0.0438,0.0482,0.0758,-0.096,-0.0428,-0.0722,0.0867,0.0136
2023/02/13,0.0074,0.043,0.0166,0.0811,-0.0199,0.0912,0.0422,0.0392,0.0289,0.048,-0.1115,0.0021,-0.023,0.0347,0.013
2023/02/14,0.0199,0.0697,0.0336,0.0983,-0.0061,0.0668,0.0487,0.0412,0.0297,0.0449,-0.1044,-0.0116,-0.0351,0.0453,0.013
2023/02/15,-0.0022,0.0181,0.0288,0.0885,-0.0174,0.0578,0.0386,0.0387,0.0249,0.0315,-0.0898,0.0095,-0.0175,0.0277,0.0129
2023/02/16,0.0195,0.0676,0.0334,0.1072,-0.0035,0.0556,0.041,0.0419,0.0307,0.0229,-0.0848,-0.0116,-0.022,0.0331,0.0129
2023/02/17,0.024,0.0525,0.0182,0.1062,-0.0059,0.0528,0.0225,0.0378,0.0277,0.0222,-0.0883,-0.0146,-0.0197,0.0275,0.0126
2023/02/20,0.0298,0.1003,0.0291,0.101,-0.0016,0.0798,0.0214,0.0389,0.0203,0.0338,-0.0721,-0.0207,-0.0239,0.0365,0.0126
2023/02/21,0.0363,0.1307,0.0217,0.0926,-0.0078,0.0872,0.0204,0.0391,0.0135,0.0419,-0.055,-0.0268,-0.0368,0.0458,0.0123
2023/02/22,0.0257,0.1168,0.0071,0.0773,-0.0312,0.0806,0.0158,0.0388,0.0089,0.0437,-0.0606,-0.0184,-0.0298,0.0393,0.0122
2023/02/23,0.0317,0.0907,-0.0033,0.0804,-0.0312,0.0739,0.0209,0.0409,0.011,0.043,-0.0952,-0.0226,-0.0316,0.0433,0.0123
2023/02/24,0.013,0.0634,-0.0106,0.0846,-0.0255,0.081,0.0131,0.0378,0.0126,0.0297,-0.0335,-0.0062,-0.0085,0.0198,0.012
2023/02/27,0.0081,0.0768,-0.0212,0.0567,-0.0183,0.0842,0.0074,0.0368,0.0088,0.0193,-0.0424,0.001,0.0072,0.0023,0.0118
2023/02/28,0.0234,0.1311,-0.0089,0.0838,-0.0211,0.1161,-0.0068,0.0355,0.008,0.0241,0.0084,-0.0153,-0.0038,0.0141,0.0116
2023/03/02,0.0162,0.0919,-0.0375,0.0628,-0.0043,0.0936,-0.0133,0.0307,0.0058,0.0071,-0.0501,-0.0103,0.0194,-0.0103,0.0107
2023/03/03,0.0185,0.1254,-0.0277,0.0751,0.0116,0.0867,-0.0082,0.033,0.0054,0.0117,-0.0445,-0.0123,0.0086,-0.0006,0.0108
2023/03/06,0.0494,0.1654,0.0089,0.094,0.0182,0.0153,-0.0107,0.0331,0.0172,0.0376,0.0058,-0.0405,-0.0077,0.0162,0.0105
2023/03/07,0.0498,0.1674,0.024,0.098,0.0297,0.0112,-0.0057,0.034,0.0279,0.0333,0.0662,-0.0423,-0.0093,0.0162,0.0108
2023/03/08,0.0349,0.1716,0.0092,0.0875,0.0409,0.0179,-0.0097,0.0315,0.0236,0.0047,0.0504,-0.0282,0.0085,-0.0012,0.0104
2023/03/09,0.0197,0.1494,0.0008,0.0828,0.0305,0.0128,-0.0126,0.0326,0.01,0,0.0536,-0.0133,0.025,-0.0166,0.0105
2023/03/10,0.0087,0.1223,-0.0249,0.0701,0.015,0.0062,0.0001,0.0359,0.0084,0.0101,0.0324,-0.002,0.0263,-0.0177,0.0109
2023/03/13,0.0241,0.1479,-0.0196,0.0728,0.0029,0.0205,0.0173,0.0409,-0.005,0.0411,0.0254,-0.0172,0.0064,0.0011,0.0112
2023/03/14,-0.011,0.0774,-0.0461,0.0216,-0.026,0.021,0.0195,0.0395,-0.0004,0.043,-0.0168,0.0174,0.0181,-0.0125,0.0116
2023/03/15,0.0184,0.1367,-0.0227,0.057,-0.0134,0.0154,0.0069,0.0374,-0.0033,0.0489,-0.0601,-0.0111,0.0108,-0.0006,0.0111
2023/03/16,0.0194,0.1491,-0.002,0.0724,-0.0125,0.0117,0.0069,0.0381,-0.0042,0.065,-0.1049,-0.013,0.0142,-0.0057,0.0116
2023/03/17,0.0312,0.1665,0.0134,0.0777,0.0065,0.0097,0.0058,0.0378,-0.0067,0.0735,-0.0965,-0.023,0.0086,0,0.0119
2023/03/20,0.0321,0.1944,0.0252,0.072,0.0242,0.0582,0.033,0.0405,-0.0021,0.0997,-0.1277,-0.0258,0.0238,-0.0142,0.0117
2023/03/21,0.0372,0.1877,0.0269,0.0801,0.0351,0.0712,0.0311,0.0401,-0.005,0.0779,-0.1253,-0.0297,0.0296,-0.0208,0.012
2023/03/22,0.0368,0.1744,0.0277,0.0774,0.0422,0.0734,0.0255,0.0374,-0.0013,0.0575,-0.1253,-0.031,0.0347,-0.0246,0.0116
2023/03/23,0.0581,0.2251,0.0332,0.089,0.0516,0.0759,0.0324,0.0387,0.0025,0.0941,-0.1042,-0.0502,0.0092,0,0.0116
2023/03/24,0.0545,0.2376,0.0307,0.089,0.0423,0.0748,0.0374,0.0391,0.005,0.097,-0.1076,-0.0463,0.0192,-0.0101,0.0118
2023/03/27,0.0407,0.2039,0.0292,0.0886,0.0431,0.0605,0.0375,0.0378,0.0076,0.0788,-0.1351,-0.0347,0.0321,-0.0251,0.0117
2023/03/28,0.0655,0.2382,0.0374,0.0966,0.0515,0.0692,0.0434,0.0367,0.008,0.069,-0.0886,-0.0559,0.0331,-0.0239,0.0116
2023/03/29,0.0866,0.2813,0.053,0.1128,0.0767,0.0726,0.0437,0.0368,0.0084,0.0729,-0.0678,-0.0751,0.0398,-0.03,0.0115
2023/03/30,0.0942,0.301,0.0635,0.1272,0.0767,0.0758,0.0423,0.0368,0.0126,0.0762,-0.077,-0.0808,0.0376,-0.0266,0.0118
2023/03/31,0.1071,0.3066,0.0677,0.1429,0.0856,0.0867,0.0415,0.0373,0.0156,0.0846,-0.0609,-0.0924,0.0376,-0.0277,0.012
2023/04/03,0.108,0.3217,0.0602,0.1253,0.0881,0.0872,0.0304,0.0331,0.0257,0.0498,-0.0136,-0.0919,0.048,-0.0362,0.0115
2023/04/04,0.0902,0.3096,0.0735,0.1187,0.1113,0.0909,0.0313,0.0327,0.0219,0.0594,0.0495,-0.0762,0.0448,-0.0341,0.0112
2023/04/05,0.0876,0.3564,0.0629,0.0908,0.0917,0.0555,0.0281,0.031,0.0214,0.0814,0.0877,-0.0757,0.0423,-0.0323,0.011
2023/04/06,0.0569,0.3253,0.0665,0.0848,0.0719,0.0563,0.0316,0.0322,0.0146,0.0845,0.0715,-0.0487,0.048,-0.0384,0.011
2023/04/07,0.075,0.3639,0.0711,0.0903,0.0719,0.0656,0.0304,0.0313,0.0129,0.0858,0.0739,-0.0646,0.0467,-0.0379,0.0112
2023/04/10,0.0554,0.4062,0.0521,0.0666,0.07,0.0561,0.0254,0.0294,0.0021,0.0538,0.0737,-0.0461,0.07,-0.0579,0.0109
2023/04/11,0.0674,0.3946,0.0475,0.0664,0.0751,0.0502,0.0208,0.0269,0.0041,0.0511,0.0738,-0.0574,0.0713,-0.059,0.0108
2023/04/12,0.0677,0.3581,0.0325,0.0546,0.0781,0.0538,0.0193,0.0249,0.0021,0.0588,0.049,-0.0576,0.074,-0.0617,0.0103
2023/04/13,0.0621,0.3664,0.0292,0.0534,0.0902,0.0222,0.0102,0.0232,-0.0029,0.0557,0.0591,-0.0518,0.0665,-0.0551,0.0104
2023/04/14,0.0658,0.385,0.0404,0.0589,0.1056,0.0247,0.0104,0.0241,-0.0016,0.0677,0.0533,-0.056,0.0562,-0.0458,0.0107
2023/04/17,0.0662,0.4048,0.0374,0.053,0.1031,0.03,0.0157,0.0216,-0.0029,0.0429,0.0296,-0.0569,0.0689,-0.0566,0.0104
2023/04/18,0.0715,0.3988,0.0369,0.0448,0.0838,0.0415,0.006,0.0205,0.0066,0.0403,-0.0045,-0.0597,0.0739,-0.063,0.0103
2023/04/19,0.0657,0.3853,0.0538,0.0577,0.0992,0.0418,-0.0053,0.0161,-0.0074,0.0318,0.0195,-0.0549,0.0865,-0.0719,0.0096
2023/04/20,0.0556,0.3389,0.0586,0.0696,0.0905,0.0234,-0.0016,0.0166,-0.0062,0.0248,-0.0291,-0.0469,0.0804,-0.0683,0.0096
2023/04/21,0.0503,0.3119,0.0538,0.0668,0.0883,0.0144,0.0045,0.0181,-0.0082,0.0197,-0.047,-0.0406,0.0849,-0.071,0.0099
2023/04/24,0.0431,0.286,0.0507,0.0703,0.0897,-0.0015,0.0074,0.0188,-0.0016,0.0157,-0.0515,-0.0333,0.0912,-0.0759,0.01
2023/04/25,0.0139,0.241,0.0288,0.0622,0.0596,-0.0244,0.0018,0.0175,-0.0029,0.0224,-0.0225,-0.0085,0.0932,-0.0768,0.0097
2023/04/26,-0.0009,0.2208,0.0134,0.0463,0.0527,-0.031,0.004,0.0174,0.0079,0.014,-0.0372,0.0097,0.0961,-0.0799,0.0096
2023/04/27,-0.0054,0.269,0.0033,0.0387,0.0549,-0.0307,0.0046,0.0165,-0.0008,0.0284,-0.0823,0.0141,0.0969,-0.0816,0.0097
2023/04/28,-0.0034,0.2652,0.0177,0.0514,0.069,-0.0274,0.0041,0.0162,0.0004,0.0209,-0.0756,0.0119,0.0983,-0.081,0.0098
2023/05/02,0.0176,0.235,0.0058,0.0493,0.0785,0.0151,-0.0042,0.0099,-0.0029,0.0058,-0.02,-0.0086,0.1106,-0.0915,0.0086
2023/05/03,0.0043,0.1947,-0.0085,0.0292,0.0736,0.0157,-0.0063,0.0092,-0.0086,0.0413,-0.0536,0.0032,0.0978,-0.083,0.0086
2023/05/04,0.0005,0.2056,-0.0166,0.0262,0.059,0.0167,-0.0023,0.0114,-0.0016,0.0532,-0.0906,0.0064,0.087,-0.0733,0.0088
2023/05/08,0.0145,0.17,-0.01,0.0269,0.063,0.0177,0.0098,0.0128,0.0041,0.0656,-0.0728,-0.0054,0.0592,-0.0486,0.0087
2023/05/09,0.0146,0.1407,-0.0029,0.0363,0.0744,-0.0015,0.0129,0.0127,0,0.0676,-0.0752,-0.0064,0.0619,-0.0487,0.0085
2023/05/10,0.0109,0.1458,0.0089,0.036,0.0631,-0.005,0.0114,0.0118,-0.0037,0.0803,-0.0607,-0.0043,0.0576,-0.0477,0.0086
2023/05/11,0.0081,0.1289,0.0141,0.0357,0.0639,-0.005,0.0154,0.013,-0.0004,0.0823,-0.0572,-0.0011,0.059,-0.0488,0.0089
2023/05/12,0.0033,0.1262,0.0118,0.0353,0.0738,-0.0105,0.0172,0.0135,-0.0021,0.0692,-0.0887,0.0032,0.0673,-0.0543,0.0089
2023/05/15,0.0256,0.1219,0.0014,0.0349,0.0979,-0.0114,0.0183,0.0125,-0.0008,0.0804,-0.1032,-0.0157,0.0525,-0.0433,0.009
2023/05/16,0.0083,0.0881,-0.0098,0.0116,0.0895,-0.0104,0.0216,0.0118,0.0025,0.0822,-0.1018,0,0.0541,-0.0439,0.0088
2023/05/17,0.0206,0.1422,0.0073,0.0195,0.1069,-0.014,0.0329,0.0154,0.0029,0.0785,-0.0922,-0.0127,0.0402,-0.0313,0.0089
2023/05/18,0.0304,0.136,0.0174,0.0319,0.1244,-0.0145,0.0285,0.0143,0.0021,0.0739,-0.063,-0.0211,0.0385,-0.0285,0.0092
2023/05/19,0.0449,0.1448,0.0297,0.0376,0.1331,-0.029,0.0256,0.0142,0.0029,0.0677,-0.063,-0.0348,0.0325,-0.0239,0.009
2023/05/22,0.0681,0.1505,0.0423,0.0548,0.1574,-0.0456,0.0297,0.0139,0.019,0.0635,-0.0645,-0.0572,0.0235,-0.0132,0.009
2023/05/23,0.0578,0.1614,0.0417,0.0483,0.1525,-0.0553,0.0192,0.0127,0.0088,0.0608,-0.0208,-0.0463,0.024,-0.0142,0.0088
2023/05/24,0.0634,0.1621,0.0291,0.0256,0.1292,-0.0545,0.0134,0.0121,0.005,0.0718,-0.0275,-0.0511,0.0205,-0.012,0.0086
2023/05/25,0.0625,0.1472,0.0274,0.0168,0.134,-0.061,0.0056,0.0102,0,0.0606,-0.0239,-0.0501,0.0286,-0.0189,0.0088
2023/05/26,0.0661,0.1442,0.03,0.0158,0.1381,-0.0545,0.0034,0.0093,0,0.0568,-0.0514,-0.0532,0.0277,-0.0177,0.0088
2023/05/30,0.0871,0.1322,0.0533,0.032,0.1522,-0.0786,0.0203,0.0115,0.0071,0.0547,-0.0466,-0.0715,0.0126,-0.0046,0.0088
2023/05/31,0.0793,0.1442,0.0462,0.0104,0.1366,-0.0845,0.0298,0.0133,0.01,0.0702,-0.0836,-0.0663,0.0139,-0.0035,0.0089
2023/06/01,0.0758,0.1553,0.0456,0.0064,0.1463,-0.09,0.0281,0.0129,0.0092,0.0698,-0.0956,-0.0632,0.0101,-0.0023,0.0095
2023/06/02,0.0869,0.1777,0.0697,0.0251,0.162,-0.0962,0.0382,0.0169,0.0079,0.067,-0.0855,-0.0717,0.0047,0.004,0.0097
2023/06/05,0.0877,0.1384,0.0709,0.0205,0.168,-0.0948,0.0268,0.0135,0.0141,0.0431,-0.0652,-0.074,0.0188,-0.0074,0.0095
2023/06/07,0.0759,0.1367,0.0512,0.01,0.1377,-0.0842,0.0222,0.0144,0.0049,0.0487,-0.1129,-0.0631,0.0163,-0.0057,0.0091
2023/06/08,0.09,0.1241,0.0635,0.0199,0.1233,-0.085,0.0178,0.0148,-0.0004,0.0607,-0.0667,-0.0746,0.0013,0.011,0.0095
2023/06/09,0.108,0.1556,0.0676,0.0201,0.1387,-0.0837,0.021,0.0145,0.0083,0.0712,-0.0734,-0.0909,-0.0101,0.0209,0.0094
2023/06/12,0.1129,0.1878,0.1011,0.0336,0.1632,-0.0822,0.0102,0.0116,0.0162,0.0584,-0.0749,-0.094,-0.0147,0.025,0.0091
2023/06/13,0.1092,0.1929,0.0997,0.0441,0.199,-0.0933,-0.006,0.0076,0.0277,0.033,-0.1181,-0.0917,-0.0094,0.02,0.0087
2023/06/14,0.1302,0.1905,0.1215,0.0846,0.2469,-0.0877,-0.02,0.0053,0.0205,0.008,-0.0633,-0.1075,-0.011,0.0219,0.0083
2023/06/15,0.1122,0.1571,0.1037,0.0591,0.2384,-0.0655,-0.0111,0.0062,0.0187,0.0068,-0.0501,-0.0946,-0.006,0.016,0.0085
2023/06/16,0.1217,0.1743,0.1245,0.0759,0.2583,-0.0534,-0.0117,0.0053,0.028,0.0116,0.0386,-0.1014,-0.0178,0.0294,0.0081
2023/06/19,0.1028,0.1614,0.1024,0.0738,0.2257,-0.058,-0.0091,0.0055,0.0277,0.0004,0.033,-0.0861,-0.006,0.016,0.0079
2023/06/20,0.1089,0.1478,0.1202,0.0906,0.2479,-0.0587,-0.017,0.0038,0.0295,-0.03,0.0698,-0.0916,-0.0106,0.0201,0.0079
2023/06/21,0.0958,0.1335,0.0998,0.0579,0.2627,-0.0776,-0.0147,0.0049,0.0287,-0.0329,0.0622,-0.0805,-0.003,0.0121,0.0078
2023/06/22,0.0849,0.1166,0.0771,0.0383,0.2228,-0.0805,-0.019,0.0047,0.0189,-0.0177,0.046,-0.0702,0.003,0.0063,0.0079
2023/06/23,0.0764,0.1106,0.0916,0.0409,0.2045,-0.0858,-0.0213,0.0026,0.0188,-0.0451,-0.0207,-0.0642,0.0308,-0.0225,0.0079
2023/06/26,0.0856,0.1051,0.0914,0.0409,0.2134,-0.0864,-0.0211,0.0037,0.0158,-0.0438,-0.0065,-0.0702,0.0223,-0.0119,0.0077
2023/06/27,0.0901,0.0909,0.0784,0.0423,0.1997,-0.0808,-0.0173,0.0049,0.0188,-0.0326,0.0039,-0.0749,0.0124,0.0006,0.0077
2023/06/28,0.0716,0.0771,0.0868,0.0452,0.2184,-0.0744,-0.0166,0.0057,0.015,-0.0325,-0.0636,-0.0602,0.0188,-0.008,0.0077
2023/06/29,0.0698,0.0557,0.0856,0.0479,0.2071,-0.0727,-0.0157,0.0055,0.0246,-0.0402,-0.058,-0.0583,0.023,-0.0126,0.0078
2023/06/30,0.0655,0.0565,0.0805,0.0412,0.2055,-0.075,-0.0208,0.0039,0.0187,-0.042,-0.0411,-0.0545,0.0269,-0.016,0.0074
2023/07/03,0.075,0.0852,0.0775,0.0376,0.2011,-0.0973,-0.0076,0.0055,0.0099,-0.0317,-0.1123,-0.0622,0.005,0.0046,0.0074
2023/07/04,0.0658,0.085,0.0698,0.0248,0.1871,-0.0994,-0.0143,0.0045,0.0153,-0.0375,-0.1315,-0.055,0.0021,0.0087,0.0073
2023/07/05,0.0498,0.0653,0.0738,0.0242,0.2013,-0.1003,-0.0167,0.004,0.0025,-0.0612,-0.1277,-0.0394,0.0042,0.0069,0.0071
2023/07/06,0.0607,0.0459,0.0752,0.0156,0.1979,-0.1086,-0.0246,0.0026,0.0103,-0.0574,-0.1063,-0.0491,0.0008,0.0104,0.0071
2023/07/07,0.0281,0.0131,0.0642,-0.0106,0.1848,-0.1188,-0.0276,0.0023,0.0033,-0.0619,-0.105,-0.0191,0.0034,0.0081,0.0068
2023/07/10,0.0166,-0.0297,0.0576,-0.0136,0.1661,-0.1101,-0.0372,-0.0004,0.0082,-0.0469,-0.0945,-0.0075,0.0021,0.0075,0.0066
2023/07/11,0.0219,-0.0176,0.063,-0.002,0.1565,-0.1078,-0.0276,0.0016,0.0049,-0.0448,-0.0923,-0.0131,-0.0096,0.0192,0.0067
2023/07/12,0.0253,0.0003,0.0705,0.004,0.1399,-0.1147,-0.028,0.0009,0.0103,-0.0491,-0.0879,-0.0164,-0.0142,0.0262,0.0069
2023/07/13,0.0314,0.0157,0.0828,0.0158,0.1626,-0.0959,-0.0197,0.0043,0.0103,-0.0398,-0.0908,-0.0219,-0.0156,0.0277,0.0071
2023/07/14,0.0433,0.012,0.0754,0.0111,0.1415,-0.0961,-0.022,0.0032,0.0193,-0.0533,-0.0748,-0.0329,-0.0149,0.0246,0.0072
2023/07/17,0.039,0.011,0.0737,0.0095,0.1308,-0.1276,-0.0153,0.0048,0.0198,-0.0404,-0.0961,-0.0296,-0.0219,0.0329,0.0071
2023/07/18,0.0338,0.0439,0.0759,0.0056,0.134,-0.1389,-0.0141,0.0044,0.016,-0.0311,-0.0883,-0.0252,-0.0302,0.0446,0.0071
2023/07/19,0.0318,0.0762,0.0874,0.0124,0.1553,-0.1372,-0.0054,0.0054,0.021,-0.0177,-0.0643,-0.0219,-0.035,0.0454,0.0072
2023/07/20,0.0317,0.1181,0.0867,-0.0016,0.136,-0.1255,-0.0061,0.0059,0.0256,-0.0188,-0.045,-0.0219,-0.0263,0.0402,0.0075
2023/07/21,0.038,0.1534,0.0876,0.0016,0.1327,-0.109,-0.0147,0.004,0.0207,-0.0197,-0.0129,-0.0293,-0.0221,0.0321,0.0074
2023/07/24,0.052,0.1882,0.0896,0.001,0.1423,-0.1057,-0.0172,0.0031,0.0193,-0.0205,-0.0035,-0.0409,-0.0281,0.0405,0.0074
2023/07/25,0.0673,0.2442,0.0924,0.0075,0.1443,-0.0691,-0.0189,0.0032,0.0169,-0.0273,-0.0035,-0.0544,-0.0315,0.0416,0.0075
2023/07/26,0.0545,0.1975,0.1041,0.0144,0.1501,-0.081,-0.0183,0.0027,0.0156,-0.0242,0.0175,-0.0457,-0.0323,0.0452,0.0074
2023/07/27,0.0637,0.1067,0.112,0.0165,0.1591,-0.0827,-0.0132,0.0048,0.0168,-0.0246,0.057,-0.0522,-0.033,0.0465,0.0074
2023/07/28,0.0592,0.1502,0.0888,0.0205,0.1364,-0.0666,-0.0202,0.0035,0.0066,-0.0298,0.0529,-0.0481,-0.0346,0.0447,0.0076
2023/07/31,0.0639,0.193,0.0958,0.0231,0.155,-0.0642,-0.0223,0.0034,0.0164,-0.0267,0.0626,-0.0524,-0.0367,0.0488,0.0076
2023/08/01,0.0814,0.187,0.0975,0.0228,0.1603,-0.0642,-0.0193,0.0042,0.0176,-0.0259,0.0782,-0.0684,-0.0285,0.0406,0.0076
2023/08/02,0.0465,0.1213,0.0801,0.0023,0.1241,-0.061,-0.0239,0.0043,0.0099,-0.0294,0.0841,-0.0378,-0.0189,0.0318,0.0078
2023/08/03,0.0489,0.1848,0.0806,0.0059,0.1091,-0.0489,-0.0303,0.003,0.0186,-0.0522,0.1008,-0.0396,-0.0161,0.0288,0.008
2023/08/04,0.0531,0.1635,0.0915,0.0093,0.1245,-0.0304,-0.0372,0.0003,0.0086,-0.0637,0.1599,-0.0426,0.0013,0.0093,0.0078
2023/08/07,0.0505,0.1137,0.0846,0.007,0.1293,-0.0493,-0.031,0.001,0.0094,-0.0618,0.19,-0.0405,-0.0013,0.0122,0.008
2023/08/08,0.0288,0.1225,0.0774,0.002,0.1183,-0.0476,-0.023,0.0033,0.0181,-0.0551,0.138,-0.0205,0.0075,0.0017,0.008
2023/08/09,0.0432,0.1678,0.0779,-0.0039,0.1046,-0.0478,-0.0266,0.0026,0.0169,-0.0592,0.1377,-0.0333,0.0054,0.0029,0.0082
2023/08/10,0.0464,0.1811,0.0761,0.0033,0.1245,-0.0352,-0.0253,0.0025,0.0185,-0.066,0.1516,-0.0363,0.0058,0.0047,0.0083
2023/08/11,0.0459,0.1901,0.0664,0.0043,0.1252,-0.0482,-0.0318,0.0016,0.0107,-0.0685,0.1225,-0.0362,0.0104,0,0.0083
2023/08/14,0.0414,0.168,0.0664,-0.0059,0.0955,-0.0561,-0.0377,0.0003,0.0197,-0.0586,0.1524,-0.0308,0.0074,0.0012,0.0081
2023/08/16,0.0202,0.1319,0.0643,-0.0151,0.0681,-0.0715,-0.0334,0.0006,0.019,-0.0614,0.1299,-0.0107,0.0094,-0.0006,0.0082
2023/08/17,0.0138,0.1253,0.0602,-0.0158,0.0563,-0.0567,-0.0417,0.0007,0.0211,-0.0589,0.126,-0.0043,0.014,-0.0047,0.0088
2023/08/18,-0.0012,0.1171,0.041,-0.0367,0.0341,-0.0644,-0.0301,0.0025,0.0095,-0.0552,0.1034,0.0097,0.0144,-0.0053,0.0085
2023/08/21,-0.0143,0.1343,0.0273,-0.043,0.0272,-0.0653,-0.0324,0.0018,0.0161,-0.0516,0.1196,0.023,0.0249,-0.0128,0.0086
2023/08/22,-0.0167,0.1252,0.0396,-0.0365,0.0319,-0.0611,-0.035,0.0017,0.0182,-0.0488,0.1315,0.0287,0.0242,-0.0151,0.0088
2023/08/23,-0.0217,0.0894,0.0382,-0.0322,0.0372,-0.0528,-0.0235,0.0027,0.0186,-0.0412,0.1013,0.0309,0.0314,-0.0208,0.0088
2023/08/24,-0.0047,0.1263,0.0663,-0.0085,0.0553,-0.0497,-0.0191,0.0031,0.0231,-0.0405,0.0676,0.0143,0.0155,-0.0058,0.0091
2023/08/25,-0.0147,0.1401,0.0458,-0.0112,0.0324,-0.0485,-0.0166,0.0044,0.0228,-0.0327,0.0759,0.0253,0.0095,0,0.0091
2023/08/28,-0.0113,0.1523,0.0519,-0.0043,0.0446,-0.0476,-0.0082,0.0056,0.0241,-0.0281,0.1159,0.0209,0.0104,-0.0006,0.0091
2023/08/29,-0.0067,0.1543,0.0581,0.006,0.0453,-0.0376,-0.006,0.0066,0.0266,-0.0253,0.1108,0.0154,0.0087,0.0012,0.009
2023/08/30,-0.017,0.1419,0.0551,-0.0049,0.0354,-0.0231,-0.0061,0.0069,0.0227,-0.0096,0.1291,0.0257,0.0112,0.0017,0.0091
2023/08/31,-0.0095,0.1326,0.0663,0.0103,0.0582,-0.0189,-0.013,0.006,0.0255,-0.0204,0.1773,0.02,0.0099,0,0.0092
2023/09/01,0.0036,0.1033,0.0641,0.013,0.0539,-0.0141,-0.0075,0.0064,0.019,-0.0232,0.2206,0.0066,0.0096,0.0017,0.0168
2023/09/04,-0.0028,0.0961,0.0651,0.0013,0.0476,-0.007,-0.0185,0.0046,0.0251,-0.0269,0.2036,0.0123,0.0227,-0.0121,0.0087
2023/09/05,-0.0067,0.0916,0.0416,-0.0125,0.0275,-0.0032,-0.0153,0.0055,0.018,-0.0155,0.1806,0.018,0.0281,-0.0178,0.0088
2023/09/06,-0.0137,0.0824,0.0386,-0.0155,0.0346,-0.0043,-0.014,0.0057,0.0164,-0.0207,0.1918,0.0247,0.0294,-0.0178,0.0088
2023/09/07,-0.0165,0.0461,0.029,-0.024,0.0415,0.0055,-0.0253,0.0024,0.0127,-0.0323,0.2252,0.0292,0.0349,-0.0241,0.009
2023/09/08,-0.0138,0.0663,0.036,-0.0155,0.0338,-0.0104,-0.0097,0.0055,0.0153,-0.0199,0.2008,0.0235,0.0332,-0.0247,0.0086
2023/09/11,-0.024,0.0428,0.0326,-0.0184,0.0116,-0.0016,-0.0181,0.0039,0.0197,-0.0299,0.2312,0.0364,0.0429,-0.0296,0.0086
2023/09/12,-0.0227,0.0279,0.0303,-0.0171,0.0152,-0.0022,-0.0195,0.0039,0.0147,-0.0319,0.2637,0.0338,0.0422,-0.03,0.0085
2023/09/13,-0.0266,-0.0085,0.0136,-0.038,-0.0087,0.0033,-0.0182,0.0021,0.0098,-0.037,0.3133,0.0397,0.0582,-0.0448,0.0085
2023/09/14,-0.008,0.0536,0.017,-0.028,-0.0079,-0.0094,-0.0101,0.0052,0.0193,-0.031,0.2796,0.0169,0.048,-0.0372,0.0086
2023/09/15,0.0084,0.0445,0.0243,-0.0162,0.0068,-0.025,-0.0079,0.0052,0.009,-0.0188,0.3272,0.0011,0.0475,-0.0361,0.0086
2023/09/18,-0.0084,0.0238,-0.0016,-0.0282,-0.0081,-0.0349,-0.0147,0.0042,0.013,-0.0272,0.2936,0.0181,0.0517,-0.0403,0.0085
2023/09/19,-0.0105,0.0147,0.001,-0.0416,-0.0013,-0.027,-0.0127,0.004,0.0098,-0.0237,0.2963,0.0202,0.0492,-0.0355,0.0085
2023/09/20,-0.0089,0.0275,0.0016,-0.0261,-0.004,-0.0255,-0.0148,0.004,0.0102,-0.0214,0.2737,0.019,0.0501,-0.0367,0.0085
2023/09/21,-0.0171,0.0169,-0.0076,-0.0262,-0.0273,-0.0169,-0.0223,0.0029,0.0139,-0.014,0.257,0.0255,0.0514,-0.0364,0.0086
45191,-0.0231,0.015,-0.0126,-0.0254,-0.0197,-0.0077,-0.0167,0.0042,0.0086,-0.0136,0.2613,0.0311,0.0449,-0.0314,0.0084
45194,-0.0175,-0.0048,-0.0161,-0.0241,0.0025,-0.0077,-0.0159,0.0054,0.0156,-0.0077,0.3285,0.0288,0.0378,-0.0236,0.0084
45195,-0.0352,-0.023,-0.0174,-0.0389,-0.0079,0.0022,-0.0226,0.0044,0.0094,-0.0165,0.2937,0.0455,0.0466,-0.0333,0.0091